activity_identifier,transaction_ref,transaction_type,transaction_date,value,currency,value_date,description,description_lang,provider_org_ref,provider_org_name,provider_org_lang,provider_org_type,receiver_org_ref,receiver_org_name,receiver_org_lang,receiver_org_type,receiver_org_activity_id,disbursement_channel,flow_type,finance_type,aid_type,tied_status,humanitarian,recipient_region
XM-DAC-46007-501239,,3,2025-10-02,99900000,USD,2025-10-02,,,,,,,,,,,,,,,,,,
XM-DAC-46007-501220,,3,2025-09-12,75000000,USD,2025-09-12,,,,,,,,,,,,,,,,,,
XM-DAC-46007-501149,,3,2025-07-18,1136999.7,USD,2025-07-18,,,,,,,,,,,,,,,,,,
XM-DAC-46007-501149,,3,2025-08-22,1440215.69,USD,2025-08-22,,,,,,,,,,,,,,,,,,
XM-DAC-46007-501148,,3,2024-12-23,143677731,USD,2024-12-23,,,,,,,,,,,,,,,,,,
XM-DAC-46007-501148,,3,2025-06-27,86097269,USD,2025-06-27,,,,,,,,,,,,,,,,,,
XM-DAC-46007-501138,,3,2025-10-30,21000000,USD,2025-10-30,,,,,,,,,,,,,,,,,,
XM-DAC-46007-501079,,3,2025-09-04,2157700,USD,2025-09-04,,,,,,,,,,,,,,,,,,
XM-DAC-46007-501078,,3,2024-10-31,75917659.21,USD,2024-10-31,,,,,,,,,,,,,,,,,,
XM-DAC-46007-500995,,3,2025-01-31,2289302.47,USD,2025-01-31,,,,,,,,,,,,,,,,,,
XM-DAC-46007-500995,,3,2024-07-31,13742059.7,USD,2024-07-31,,,,,,,,,,,,,,,,,,
XM-DAC-46007-500995,,3,2025-07-31,10068019.24,USD,2025-07-31,,,,,,,,,,,,,,,,,,
XM-DAC-46007-500995,,3,2025-04-30,6603101.57,USD,2025-04-30,,,,,,,,,,,,,,,,,,
XM-DAC-46007-500995,,3,2025-04-30,6665703.17,USD,2025-04-30,,,,,,,,,,,,,,,,,,
XM-DAC-46007-500995,,3,2024-07-31,7174785.61,USD,2024-07-31,,,,,,,,,,,,,,,,,,
XM-DAC-46007-500995,,3,2025-07-31,8207977.47,USD,2025-07-31,,,,,,,,,,,,,,,,,,
XM-DAC-46007-500940,,3,2023-03-20,396000000,USD,2023-03-20,,,,,,,,,,,,,,,,,,
XM-DAC-46007-500940,,3,2025-11-18,13000,USD,2025-11-18,,,,,,,,,,,,,,,,,,
XM-DAC-46007-500940,,3,2024-12-23,36000,USD,2024-12-23,,,,,,,,,,,,,,,,,,
XM-DAC-46007-500930,,3,2025-09-30,27000000,USD,2025-09-30,,,,,,,,,,,,,,,,,,
XM-DAC-46007-500930,,3,2023-12-29,10000000,USD,2023-12-29,,,,,,,,,,,,,,,,,,
XM-DAC-46007-500901,,3,2024-06-17,74689275.58,USD,2024-06-17,,,,,,,,,,,,,,,,,,
XM-DAC-46007-500901,,3,2025-08-22,6309169.89,USD,2025-08-22,,,,,,,,,,,,,,,,,,
XM-DAC-46007-500901,,3,2025-08-22,94263216.4,USD,2025-08-22,,,,,,,,,,,,,,,,,,
XM-DAC-46007-500901,,3,2025-08-29,32302449.01,USD,2025-08-29,,,,,,,,,,,,,,,,,,
XM-DAC-46007-500864,,3,2024-10-29,1599999,USD,2024-10-29,,,,,,,,,,,,,,,,,,
XM-DAC-46007-500864,,3,2023-08-29,5000000,USD,2023-08-29,,,,,,,,,,,,,,,,,,
XM-DAC-46007-500864,,3,2024-10-29,2921478.49,USD,2024-10-29,,,,,,,,,,,,,,,,,,
XM-DAC-46007-500864,,3,2025-03-26,2860206.79,USD,2025-03-26,,,,,,,,,,,,,,,,,,
XM-DAC-46007-500834,,3,2025-02-28,1663520,USD,2025-02-28,,,,,,,,,,,,,,,,,,
XM-DAC-46007-500832,,3,2023-12-29,42000000,USD,2023-12-29,,,,,,,,,,,,,,,,,,
XM-DAC-46007-500832,,3,2025-02-14,27000000,USD,2025-02-14,,,,,,,,,,,,,,,,,,
XM-DAC-46007-500832,,3,2025-09-30,1700000,USD,2025-09-30,,,,,,,,,,,,,,,,,,
XM-DAC-46007-500832,,3,2025-10-30,41938050.8,USD,2025-10-30,,,,,,,,,,,,,,,,,,
XM-DAC-46007-500832,,3,2025-07-16,26000000,USD,2025-07-16,,,,,,,,,,,,,,,,,,
XM-DAC-46007-500832,,3,2023-12-29,38000000,USD,2023-12-29,,,,,,,,,,,,,,,,,,
XM-DAC-46007-500832,,3,2025-04-03,18300000,USD,2025-04-03,,,,,,,,,,,,,,,,,,
XM-DAC-46007-500832,,3,2024-08-15,15000000,USD,2024-08-15,,,,,,,,,,,,,,,,,,
XM-DAC-46007-500791,,3,2023-07-27,1600000,USD,2023-07-27,,,,,,,,,,,,,,,,,,
XM-DAC-46007-500791,,3,2025-10-06,1000000,USD,2025-10-06,,,,,,,,,,,,,,,,,,
XM-DAC-46007-500791,,3,2024-04-26,40000000,USD,2024-04-26,,,,,,,,,,,,,,,,,,
XM-DAC-46007-500791,,3,2023-10-27,8400000,USD,2023-10-27,,,,,,,,,,,,,,,,,,
XM-DAC-46007-500749,,3,2025-08-06,8200008.77,USD,2025-08-06,,,,,,,,,,,,,,,,,,
XM-DAC-46007-500749,,3,2025-02-14,2498257.29,USD,2025-02-14,,,,,,,,,,,,,,,,,,
XM-DAC-46007-500749,,3,2023-07-26,12313557.26,USD,2023-07-26,,,,,,,,,,,,,,,,,,
XM-DAC-46007-500749,,3,2024-02-26,1900000,USD,2024-02-26,,,,,,,,,,,,,,,,,,
XM-DAC-46007-500749,,3,2025-06-04,11735641.82,USD,2025-06-04,,,,,,,,,,,,,,,,,,
XM-DAC-46007-500749,,3,2024-05-28,977623.78,USD,2024-05-28,,,,,,,,,,,,,,,,,,
XM-DAC-46007-500749,,3,2024-01-19,12885686.85,USD,2024-01-19,,,,,,,,,,,,,,,,,,
XM-DAC-46007-500749,,3,2023-08-21,40158796.34,USD,2023-08-21,,,,,,,,,,,,,,,,,,
XM-DAC-46007-500749,,3,2023-09-21,24246287.6,USD,2023-09-21,,,,,,,,,,,,,,,,,,
XM-DAC-46007-500749,,3,2024-04-26,1729608.99,USD,2024-04-26,,,,,,,,,,,,,,,,,,
XM-DAC-46007-500749,,3,2025-07-03,11818958.39,USD,2025-07-03,,,,,,,,,,,,,,,,,,
XM-DAC-46007-500749,,3,2025-09-29,13025515.27,USD,2025-09-29,,,,,,,,,,,,,,,,,,
XM-DAC-46007-500749,,3,2024-08-28,1185597.74,USD,2024-08-28,,,,,,,,,,,,,,,,,,
XM-DAC-46007-500749,,3,2025-05-06,12330067.88,USD,2025-05-06,,,,,,,,,,,,,,,,,,
XM-DAC-46007-500749,,3,2024-08-28,5360344.82,USD,2024-08-28,,,,,,,,,,,,,,,,,,
XM-DAC-46007-500749,,3,2025-01-06,8729589.37,USD,2025-01-06,,,,,,,,,,,,,,,,,,
XM-DAC-46007-500749,,3,2025-04-04,2383592.37,USD,2025-04-04,,,,,,,,,,,,,,,,,,
XM-DAC-46007-500749,,3,2025-09-29,9098431.58,USD,2025-09-29,,,,,,,,,,,,,,,,,,
XM-DAC-46007-500749,,3,2024-09-26,7456638.08,USD,2024-09-26,,,,,,,,,,,,,,,,,,
XM-DAC-46007-500749,,3,2024-10-25,15431970.04,USD,2024-10-25,,,,,,,,,,,,,,,,,,
XM-DAC-46007-500749,,3,2024-03-19,1905316.22,USD,2024-03-19,,,,,,,,,,,,,,,,,,
XM-DAC-46007-500749,,3,2025-04-04,13311627.05,USD,2025-04-04,,,,,,,,,,,,,,,,,,
XM-DAC-46007-500749,,3,2023-11-28,509898.5,USD,2023-11-28,,,,,,,,,,,,,,,,,,
XM-DAC-46007-500749,,3,2024-07-24,12240592.16,USD,2024-07-24,,,,,,,,,,,,,,,,,,
XM-DAC-46007-500749,,3,2024-06-26,13449853.83,USD,2024-06-26,,,,,,,,,,,,,,,,,,
XM-DAC-46007-500749,,3,2023-10-20,29667685.22,USD,2023-10-20,,,,,,,,,,,,,,,,,,
XM-DAC-46007-500749,,3,2024-05-24,8021052.55,USD,2024-05-24,,,,,,,,,,,,,,,,,,
XM-DAC-46007-500749,,3,2024-02-26,7653263.93,USD,2024-02-26,,,,,,,,,,,,,,,,,,
XM-DAC-46007-500749,,3,2024-04-26,1618098.85,USD,2024-04-26,,,,,,,,,,,,,,,,,,
XM-DAC-46007-500749,,3,2024-05-24,2503455.36,USD,2024-05-24,,,,,,,,,,,,,,,,,,
XM-DAC-46007-500734,,3,2024-01-18,14410246.24,USD,2024-01-18,,,,,,,,,,,,,,,,,,
XM-DAC-46007-500734,,3,2024-12-24,14383989.99,USD,2024-12-24,,,,,,,,,,,,,,,,,,
XM-DAC-46007-500734,,3,2025-10-30,22979639.64,USD,2025-10-30,,,,,,,,,,,,,,,,,,
XM-DAC-46007-500705,,3,2021-12-10,9557000,USD,2021-12-10,,,,,,,,,,,,,,,,,,
XM-DAC-46007-500705,,3,2023-02-16,5368814,USD,2023-02-16,,,,,,,,,,,,,,,,,,
XM-DAC-46007-500705,,3,2023-11-30,6391050,USD,2023-11-30,,,,,,,,,,,,,,,,,,
XM-DAC-46007-500701,,3,2025-06-13,6601.5,USD,2025-06-13,,,,,,,,,,,,,,,,,,
XM-DAC-46007-500701,,3,2024-11-14,48948.04,USD,2024-11-14,,,,,,,,,,,,,,,,,,
XM-DAC-46007-500701,,3,2023-10-20,264916.43,USD,2023-10-20,,,,,,,,,,,,,,,,,,
XM-DAC-46007-500701,,3,2021-11-26,15869493.81,USD,2021-11-26,,,,,,,,,,,,,,,,,,
XM-DAC-46007-500701,,3,2021-11-04,7957179.75,USD,2021-11-04,,,,,,,,,,,,,,,,,,
XM-DAC-46007-500681,,3,2023-05-24,8853506,USD,2023-05-24,,,,,,,,,,,,,,,,,,
XM-DAC-46007-500669,,3,2022-02-28,1000000,USD,2022-02-28,,,,,,,,,,,,,,,,,,
XM-DAC-46007-500669,,3,2023-06-26,5000000,USD,2023-06-26,,,,,,,,,,,,,,,,,,
XM-DAC-46007-500646,,3,2025-10-21,1780823.44,USD,2025-10-21,,,,,,,,,,,,,,,,,,
XM-DAC-46007-500646,,3,2025-01-07,1169743.02,USD,2025-01-07,,,,,,,,,,,,,,,,,,
XM-DAC-46007-500646,,3,2024-10-21,8183,USD,2024-10-21,,,,,,,,,,,,,,,,,,
XM-DAC-46007-500646,,3,2023-11-16,10577,USD,2023-11-16,,,,,,,,,,,,,,,,,,
XM-DAC-46007-500646,,3,2025-09-03,312438.08,USD,2025-09-03,,,,,,,,,,,,,,,,,,
XM-DAC-46007-500646,,3,2025-02-18,69449.56,USD,2025-02-18,,,,,,,,,,,,,,,,,,
XM-DAC-46007-500646,,3,2025-01-07,5265795.35,USD,2025-01-07,,,,,,,,,,,,,,,,,,
XM-DAC-46007-500646,,3,2024-03-18,21154,USD,2024-03-18,,,,,,,,,,,,,,,,,,
XM-DAC-46007-500646,,3,2023-05-19,744133.63,USD,2023-05-19,,,,,,,,,,,,,,,,,,
XM-DAC-46007-500646,,3,2025-01-07,1235474.62,USD,2025-01-07,,,,,,,,,,,,,,,,,,
XM-DAC-46007-500646,,3,2024-05-17,21154,USD,2024-05-17,,,,,,,,,,,,,,,,,,
XM-DAC-46007-500646,,3,2024-01-19,310550.88,USD,2024-01-19,,,,,,,,,,,,,,,,,,
XM-DAC-46007-500646,,3,2024-09-20,261580.18,USD,2024-09-20,,,,,,,,,,,,,,,,,,
XM-DAC-46007-500646,,3,2025-09-03,1331714.56,USD,2025-09-03,,,,,,,,,,,,,,,,,,
XM-DAC-46007-500646,,3,2025-02-18,16366,USD,2025-02-18,,,,,,,,,,,,,,,,,,
XM-DAC-46007-500646,,3,2025-04-11,16366,USD,2025-04-11,,,,,,,,,,,,,,,,,,
XM-DAC-46007-500646,,3,2025-01-07,4985636.5,USD,2025-01-07,,,,,,,,,,,,,,,,,,
XM-DAC-46007-500646,,3,2025-10-21,328841,USD,2025-10-21,,,,,,,,,,,,,,,,,,
XM-DAC-46007-500646,,3,2024-03-18,142688.17,USD,2024-03-18,,,,,,,,,,,,,,,,,,
XM-DAC-46007-500646,,3,2023-05-19,3362687.74,USD,2023-05-19,,,,,,,,,,,,,,,,,,
XM-DAC-46007-500645,,3,2021-03-31,1648800,USD,2021-03-31,,,,,,,,,,,,,,,,,,
XM-DAC-46007-500645,,3,2023-04-21,686932.74,USD,2023-04-21,,,,,,,,,,,,,,,,,,
XM-DAC-46007-500645,,3,2024-06-20,163039.8,USD,2024-06-20,,,,,,,,,,,,,,,,,,
XM-DAC-46007-500645,,3,2024-06-20,1002818.1,USD,2024-06-20,,,,,,,,,,,,,,,,,,
XM-DAC-46007-500645,,3,2024-11-14,692180.57,USD,2024-11-14,,,,,,,,,,,,,,,,,,
XM-DAC-46007-500645,,3,2025-08-07,110396,USD,2025-08-07,,,,,,,,,,,,,,,,,,
XM-DAC-46007-500645,,3,2021-08-30,2540234.73,USD,2021-08-30,,,,,,,,,,,,,,,,,,
XM-DAC-46007-500645,,3,2025-04-04,662232.39,USD,2025-04-04,,,,,,,,,,,,,,,,,,
XM-DAC-46007-500645,,3,2023-05-19,5036701.94,USD,2023-05-19,,,,,,,,,,,,,,,,,,
XM-DAC-46007-500645,,3,2021-02-04,5142204.41,USD,2021-02-04,,,,,,,,,,,,,,,,,,
XM-DAC-46007-500645,,3,2025-03-14,1760507.54,USD,2025-03-14,,,,,,,,,,,,,,,,,,
XM-DAC-46007-500645,,3,2023-09-25,3777723.6,USD,2023-09-25,,,,,,,,,,,,,,,,,,
XM-DAC-46007-500645,,3,2021-12-03,1258063.2,USD,2021-12-03,,,,,,,,,,,,,,,,,,
XM-DAC-46007-500645,,3,2024-09-13,2593170.42,USD,2024-09-13,,,,,,,,,,,,,,,,,,
XM-DAC-46007-500645,,3,2021-09-24,1550092.27,USD,2021-09-24,,,,,,,,,,,,,,,,,,
XM-DAC-46007-500645,,3,2022-01-28,6353092.41,USD,2022-01-28,,,,,,,,,,,,,,,,,,
XM-DAC-46007-500645,,3,2023-12-12,2094624.85,USD,2023-12-12,,,,,,,,,,,,,,,,,,
XM-DAC-46007-500645,,3,2023-01-24,6813791.21,USD,2023-01-24,,,,,,,,,,,,,,,,,,
XM-DAC-46007-500645,,3,2023-01-24,3186208.79,USD,2023-01-24,,,,,,,,,,,,,,,,,,
XM-DAC-46007-500645,,3,2022-02-25,5213566.01,USD,2022-02-25,,,,,,,,,,,,,,,,,,
XM-DAC-46007-500645,,3,2023-07-24,2003330.02,USD,2023-07-24,,,,,,,,,,,,,,,,,,
XM-DAC-46007-500645,,3,2022-12-09,10000000,USD,2022-12-09,,,,,,,,,,,,,,,,,,
XM-DAC-46007-500645,,3,2023-02-15,2943178.03,USD,2023-02-15,,,,,,,,,,,,,,,,,,
XM-DAC-46007-500645,,3,2025-10-21,1116494.62,USD,2025-10-21,,,,,,,,,,,,,,,,,,
XM-DAC-46007-500645,,3,2023-11-13,153459.24,USD,2023-11-13,,,,,,,,,,,,,,,,,,
XM-DAC-46007-500645,,3,2021-06-28,2530611.46,USD,2021-06-28,,,,,,,,,,,,,,,,,,
XM-DAC-46007-500645,,3,2024-02-21,124685.72,USD,2024-02-21,,,,,,,,,,,,,,,,,,
XM-DAC-46007-500645,,3,2021-07-28,5453101.67,USD,2021-07-28,,,,,,,,,,,,,,,,,,
XM-DAC-46007-500645,,3,2025-07-03,2400259.48,USD,2025-07-03,,,,,,,,,,,,,,,,,,
XM-DAC-46007-500645,,3,2024-06-20,2510234.11,USD,2024-06-20,,,,,,,,,,,,,,,,,,
XM-DAC-46007-500645,,3,2024-03-18,378830.05,USD,2024-03-18,,,,,,,,,,,,,,,,,,
XM-DAC-46007-500645,,3,2021-07-28,4026688.33,USD,2021-07-28,,,,,,,,,,,,,,,,,,
XM-DAC-46007-500645,,3,2021-10-29,1975274.23,USD,2021-10-29,,,,,,,,,,,,,,,,,,
XM-DAC-46007-500645,,3,2025-01-06,295588.39,USD,2025-01-06,,,,,,,,,,,,,,,,,,
XM-DAC-46007-500645,,3,2021-08-30,1485093.91,USD,2021-08-30,,,,,,,,,,,,,,,,,,
XM-DAC-46007-500645,,3,2023-06-20,2147779.04,USD,2023-06-20,,,,,,,,,,,,,,,,,,
XM-DAC-46007-500645,,3,2024-09-13,2750174.94,USD,2024-09-13,,,,,,,,,,,,,,,,,,
XM-DAC-46007-500645,,3,2025-10-21,4786312.66,USD,2025-10-21,,,,,,,,,,,,,,,,,,
XM-DAC-46007-500645,,3,2023-04-21,3980547.31,USD,2023-04-21,,,,,,,,,,,,,,,,,,
XM-DAC-46007-500645,,3,2024-06-20,3099823.48,USD,2024-06-20,,,,,,,,,,,,,,,,,,
XM-DAC-46007-500645,,3,2021-05-28,8496086.97,USD,2021-05-28,,,,,,,,,,,,,,,,,,
XM-DAC-46007-500645,,3,2022-03-28,3477030.66,USD,2022-03-28,,,,,,,,,,,,,,,,,,
XM-DAC-46007-500645,,3,2021-06-28,4326873.5,USD,2021-06-28,,,,,,,,,,,,,,,,,,
XM-DAC-46007-500645,,3,2021-06-28,10000000,USD,2021-06-28,,,,,,,,,,,,,,,,,,
XM-DAC-46007-500645,,3,2021-09-24,1409707.62,USD,2021-09-24,,,,,,,,,,,,,,,,,,
XM-DAC-46007-500645,,3,2023-10-20,2656101.82,USD,2023-10-20,,,,,,,,,,,,,,,,,,
XM-DAC-46007-500645,,3,2021-04-30,5904747,USD,2021-04-30,,,,,,,,,,,,,,,,,,
XM-DAC-46007-500645,,3,2024-07-15,2603372.79,USD,2024-07-15,,,,,,,,,,,,,,,,,,
XM-DAC-46007-500645,,3,2021-10-29,2240660,USD,2021-10-29,,,,,,,,,,,,,,,,,,
XM-DAC-46007-500645,,3,2023-09-12,5835661.77,USD,2023-09-12,,,,,,,,,,,,,,,,,,
XM-DAC-46007-500645,,3,2023-12-12,1059584.06,USD,2023-12-12,,,,,,,,,,,,,,,,,,
XM-DAC-46007-500645,,3,2023-08-14,1461016.9,USD,2023-08-14,,,,,,,,,,,,,,,,,,
XM-DAC-46007-500645,,3,2025-04-04,3649304.86,USD,2025-04-04,,,,,,,,,,,,,,,,,,
XM-DAC-46007-500645,,3,2021-02-04,9514608.76,USD,2021-02-04,,,,,,,,,,,,,,,,,,
XM-DAC-46007-500645,,3,2025-06-13,121334.82,USD,2025-06-13,,,,,,,,,,,,,,,,,,
XM-DAC-46007-500645,,3,2023-02-15,4017527.24,USD,2023-02-15,,,,,,,,,,,,,,,,,,
XM-DAC-46007-500645,,3,2024-01-19,131260.55,USD,2024-01-19,,,,,,,,,,,,,,,,,,
XM-DAC-46007-500645,,3,2024-02-21,2361145.06,USD,2024-02-21,,,,,,,,,,,,,,,,,,
XM-DAC-46007-500645,,3,2023-11-14,13959293.51,USD,2023-11-14,,,,,,,,,,,,,,,,,,
XM-DAC-46007-500645,,3,2021-12-16,7185029.96,USD,2021-12-16,,,,,,,,,,,,,,,,,,
XM-DAC-46007-500640,,3,2024-02-27,121737.48,USD,2024-02-27,,,,,,,,,,,,,,,,,,
XM-DAC-46007-500640,,3,2025-06-24,224259.96,USD,2025-06-24,,,,,,,,,,,,,,,,,,
XM-DAC-46007-500640,,3,2022-12-20,1591885.33,USD,2022-12-20,,,,,,,,,,,,,,,,,,
XM-DAC-46007-500634,,3,2022-11-29,5047819,USD,2022-11-29,,,,,,,,,,,,,,,,,,
XM-DAC-46007-500634,,3,2023-03-31,3000000,USD,2023-03-31,,,,,,,,,,,,,,,,,,
XM-DAC-46007-500634,,3,2024-11-29,5226000,USD,2024-11-29,,,,,,,,,,,,,,,,,,
XM-DAC-46007-500634,,3,2025-04-30,12000000,USD,2025-04-30,,,,,,,,,,,,,,,,,,
XM-DAC-46007-500634,,3,2022-08-19,1000000,USD,2022-08-19,,,,,,,,,,,,,,,,,,
XM-DAC-46007-500634,,3,2024-02-28,5000000,USD,2024-02-28,,,,,,,,,,,,,,,,,,
XM-DAC-46007-500634,,3,2025-10-24,13822153.6,USD,2025-10-24,,,,,,,,,,,,,,,,,,
XM-DAC-46007-500627,,3,2025-02-05,1940351.94,USD,2025-02-05,,,,,,,,,,,,,,,,,,
XM-DAC-46007-500627,,3,2025-04-11,880595.96,USD,2025-04-11,,,,,,,,,,,,,,,,,,
XM-DAC-46007-500627,,3,2024-02-21,1259290.48,USD,2024-02-21,,,,,,,,,,,,,,,,,,
XM-DAC-46007-500627,,3,2025-09-03,1324675.81,USD,2025-09-03,,,,,,,,,,,,,,,,,,
XM-DAC-46007-500627,,3,2024-09-19,1442884.47,USD,2024-09-19,,,,,,,,,,,,,,,,,,
XM-DAC-46007-500627,,3,2024-05-17,422632.6,USD,2024-05-17,,,,,,,,,,,,,,,,,,
XM-DAC-46007-500627,,3,2023-06-28,74996.64,USD,2023-06-28,,,,,,,,,,,,,,,,,,
XM-DAC-46007-500627,,3,2025-07-03,2234710.78,USD,2025-07-03,,,,,,,,,,,,,,,,,,
XM-DAC-46007-500626,,3,2024-10-24,592165.7,USD,2024-10-24,,,,,,,,,,,,,,,,,,
XM-DAC-46007-500626,,3,2025-04-11,3000000,USD,2025-04-11,,,,,,,,,,,,,,,,,,
XM-DAC-46007-500626,,3,2024-02-20,712194.85,USD,2024-02-20,,,,,,,,,,,,,,,,,,
XM-DAC-46007-500626,,3,2025-09-03,3500000,USD,2025-09-03,,,,,,,,,,,,,,,,,,
XM-DAC-46007-500626,,3,2024-11-14,125615.7,USD,2024-11-14,,,,,,,,,,,,,,,,,,
XM-DAC-46007-500626,,3,2025-06-13,475096.54,USD,2025-06-13,,,,,,,,,,,,,,,,,,
XM-DAC-46007-500626,,3,2024-03-11,5218780,USD,2024-03-11,,,,,,,,,,,,,,,,,,
XM-DAC-46007-500626,,3,2025-02-05,2000000,USD,2025-02-05,,,,,,,,,,,,,,,,,,
XM-DAC-46007-500569,,3,2022-01-31,663295.96,USD,2022-01-31,,,,,,,,,,,,,,,,,,
XM-DAC-46007-500569,,3,2023-08-14,832681.2,USD,2023-08-14,,,,,,,,,,,,,,,,,,
XM-DAC-46007-500569,,3,2022-11-21,126850,USD,2022-11-21,,,,,,,,,,,,,,,,,,
XM-DAC-46007-500569,,3,2023-01-24,1646339.23,USD,2023-01-24,,,,,,,,,,,,,,,,,,
XM-DAC-46007-500569,,3,2022-11-21,61062.56,USD,2022-11-21,,,,,,,,,,,,,,,,,,
XM-DAC-46007-500569,,3,2024-05-17,124538.38,USD,2024-05-17,,,,,,,,,,,,,,,,,,
XM-DAC-46007-500569,,3,2023-10-20,52137.06,USD,2023-10-20,,,,,,,,,,,,,,,,,,
XM-DAC-46007-500569,,3,2023-05-19,109591.27,USD,2023-05-19,,,,,,,,,,,,,,,,,,
XM-DAC-46007-500569,,3,2021-10-29,137665.1,USD,2021-10-29,,,,,,,,,,,,,,,,,,
XM-DAC-46007-500569,,3,2025-04-11,69284.22,USD,2025-04-11,,,,,,,,,,,,,,,,,,
XM-DAC-46007-500569,,3,2022-05-31,72857.65,USD,2022-05-31,,,,,,,,,,,,,,,,,,
XM-DAC-46007-500569,,3,2021-10-29,148259.34,USD,2021-10-29,,,,,,,,,,,,,,,,,,
XM-DAC-46007-500569,,3,2024-08-20,66949.16,USD,2024-08-20,,,,,,,,,,,,,,,,,,
XM-DAC-46007-500569,,3,2021-10-29,4703.9,USD,2021-10-29,,,,,,,,,,,,,,,,,,
XM-DAC-46007-500569,,3,2024-09-13,170723.91,USD,2024-09-13,,,,,,,,,,,,,,,,,,
XM-DAC-46007-500569,,3,2024-02-05,53209.76,USD,2024-02-05,,,,,,,,,,,,,,,,,,
XM-DAC-46007-500569,,3,2022-05-31,93259.2,USD,2022-05-31,,,,,,,,,,,,,,,,,,
XM-DAC-46007-500569,,3,2020-12-30,700000,USD,2020-12-30,,,,,,,,,,,,,,,,,,
XM-DAC-46007-500569,,3,2022-11-21,32936,USD,2022-11-21,,,,,,,,,,,,,,,,,,
XM-DAC-46007-500569,,3,2025-02-14,2454881.31,USD,2025-02-14,,,,,,,,,,,,,,,,,,
XM-DAC-46007-500569,,3,2022-03-30,1877812.11,USD,2022-03-30,,,,,,,,,,,,,,,,,,
XM-DAC-46007-500569,,3,2022-12-12,151103.26,USD,2022-12-12,,,,,,,,,,,,,,,,,,
XM-DAC-46007-500569,,3,2025-01-06,723030.1,USD,2025-01-06,,,,,,,,,,,,,,,,,,
XM-DAC-46007-500569,,3,2022-05-31,11557.97,USD,2022-05-31,,,,,,,,,,,,,,,,,,
XM-DAC-46007-500569,,3,2024-07-15,118766.25,USD,2024-07-15,,,,,,,,,,,,,,,,,,
XM-DAC-46007-500537,,3,2020-09-30,53850000,USD,2020-09-30,,,,,,,,,,,,,,,,,,
XM-DAC-46007-500537,,3,2024-09-25,2798350,USD,2024-09-25,,,,,,,,,,,,,,,,,,
XM-DAC-46007-500537,,3,2020-09-30,21000000,USD,2020-09-30,,,,,,,,,,,,,,,,,,
XM-DAC-46007-500507,,3,2023-08-15,3021126.39,USD,2023-08-15,,,,,,,,,,,,,,,,,,
XM-DAC-46007-500507,,3,2023-02-13,1960000,USD,2023-02-13,,,,,,,,,,,,,,,,,,
XM-DAC-46007-500507,,3,2025-10-29,4446585,USD,2025-10-29,,,,,,,,,,,,,,,,,,
XM-DAC-46007-500507,,3,2023-06-16,5227000,USD,2023-06-16,,,,,,,,,,,,,,,,,,
XM-DAC-46007-500507,,3,2024-09-13,4220896.45,USD,2024-09-13,,,,,,,,,,,,,,,,,,
XM-DAC-46007-500507,,3,2023-10-20,5227000,USD,2023-10-20,,,,,,,,,,,,,,,,,,
XM-DAC-46007-500507,,3,2025-06-13,9024916,USD,2025-06-13,,,,,,,,,,,,,,,,,,
XM-DAC-46007-500507,,3,2024-02-20,2433790.45,USD,2024-02-20,,,,,,,,,,,,,,,,,,
XM-DAC-46007-500507,,3,2023-04-20,2454095.13,USD,2023-04-20,,,,,,,,,,,,,,,,,,
XM-DAC-46007-500507,,3,2024-05-17,4438906.41,USD,2024-05-17,,,,,,,,,,,,,,,,,,
XM-DAC-46007-500507,,3,2023-06-16,2781779.89,USD,2023-06-16,,,,,,,,,,,,,,,,,,
XM-DAC-46007-500507,,3,2024-09-13,6083810.8,USD,2024-09-13,,,,,,,,,,,,,,,,,,
XM-DAC-46007-500507,,3,2023-11-21,5227000,USD,2023-11-21,,,,,,,,,,,,,,,,,,
XM-DAC-46007-500507,,3,2025-03-13,6865855.43,USD,2025-03-13,,,,,,,,,,,,,,,,,,
XM-DAC-46007-500507,,3,2022-11-21,1923252.63,USD,2022-11-21,,,,,,,,,,,,,,,,,,
XM-DAC-46007-500507,,3,2024-05-17,4137946.91,USD,2024-05-17,,,,,,,,,,,,,,,,,,
XM-DAC-46007-500507,,3,2022-09-21,376755.21,USD,2022-09-21,,,,,,,,,,,,,,,,,,
XM-DAC-46007-500507,,3,2025-01-21,5310842.88,USD,2025-01-21,,,,,,,,,,,,,,,,,,
XM-DAC-46007-500507,,3,2022-07-18,7031500,USD,2022-07-18,,,,,,,,,,,,,,,,,,
XM-DAC-46007-500507,,3,2022-11-21,1960000,USD,2022-11-21,,,,,,,,,,,,,,,,,,
XM-DAC-46007-500507,,3,2023-10-20,6715452.56,USD,2023-10-20,,,,,,,,,,,,,,,,,,
XM-DAC-46007-500507,,3,2024-01-19,5227000,USD,2024-01-19,,,,,,,,,,,,,,,,,,
XM-DAC-46007-500507,,3,2025-10-29,137265.63,USD,2025-10-29,,,,,,,,,,,,,,,,,,
XM-DAC-46007-500507,,3,2025-09-03,13490514.02,USD,2025-09-03,,,,,,,,,,,,,,,,,,
XM-DAC-46007-500507,,3,2023-08-15,5227000,USD,2023-08-15,,,,,,,,,,,,,,,,,,
XM-DAC-46007-500507,,3,2024-11-15,6611492.62,USD,2024-11-15,,,,,,,,,,,,,,,,,,
XM-DAC-46007-500507,,3,2025-09-03,243020.84,USD,2025-09-03,,,,,,,,,,,,,,,,,,
XM-DAC-46007-500507,,3,2024-01-19,6486138.47,USD,2024-01-19,,,,,,,,,,,,,,,,,,
XM-DAC-46007-500507,,3,2024-02-20,5227000,USD,2024-02-20,,,,,,,,,,,,,,,,,,
XM-DAC-46007-500507,,3,2023-04-20,5227000,USD,2023-04-20,,,,,,,,,,,,,,,,,,
XM-DAC-46007-500507,,3,2023-02-13,2690137.36,USD,2023-02-13,,,,,,,,,,,,,,,,,,
XM-DAC-46007-500470,,3,2024-04-25,13988000,USD,2024-04-25,,,,,,,,,,,,,,,,,,
XM-DAC-46007-500470,,3,2025-03-18,22460344.21,USD,2025-03-18,,,,,,,,,,,,,,,,,,
XM-DAC-46007-500470,,3,2025-11-13,22000000,USD,2025-11-13,,,,,,,,,,,,,,,,,,
XM-DAC-46007-500470,,3,2023-11-24,78383679.3,USD,2023-11-24,,,,,,,,,,,,,,,,,,
XM-DAC-46007-500459,,3,2024-11-15,1471304,USD,2024-11-15,,,,,,,,,,,,,,,,,,
XM-DAC-46007-500459,,3,2025-08-22,20000000,USD,2025-08-22,,,,,,,,,,,,,,,,,,
XM-DAC-46007-500451,,3,2025-08-26,13843963.64,USD,2025-08-26,,,,,,,,,,,,,,,,,,
XM-DAC-46007-500451,,3,2024-04-26,5000000,USD,2024-04-26,,,,,,,,,,,,,,,,,,
XM-DAC-46007-500446,,3,2021-03-30,2180757.14,USD,2021-03-30,,,,,,,,,,,,,,,,,,
XM-DAC-46007-500446,,3,2022-04-27,5751370.3,USD,2022-04-27,,,,,,,,,,,,,,,,,,
XM-DAC-46007-500446,,3,2024-12-18,3639898,USD,2024-12-18,,,,,,,,,,,,,,,,,,
XM-DAC-46007-500446,,3,2022-04-27,8041476.44,USD,2022-04-27,,,,,,,,,,,,,,,,,,
XM-DAC-46007-500446,,3,2023-11-30,4500000,USD,2023-11-30,,,,,,,,,,,,,,,,,,
XM-DAC-46007-500446,,3,2023-12-21,1500000,USD,2023-12-21,,,,,,,,,,,,,,,,,,
XM-DAC-46007-500446,,3,2021-03-30,4552915.14,USD,2021-03-30,,,,,,,,,,,,,,,,,,
XM-DAC-46007-500437,,3,2022-04-29,26500000,USD,2022-04-29,,,,,,,,,,,,,,,,,,
XM-DAC-46007-500437,,3,2023-11-30,21111125.27,USD,2023-11-30,,,,,,,,,,,,,,,,,,
XM-DAC-46007-500437,,3,2022-11-18,22400000,USD,2022-11-18,,,,,,,,,,,,,,,,,,
XM-DAC-46007-500437,,3,2023-04-28,18543845.23,USD,2023-04-28,,,,,,,,,,,,,,,,,,
XM-DAC-46007-500429,,3,2021-10-20,182537.5,USD,2021-10-20,,,,,,,,,,,,,,,,,,
XM-DAC-46007-500429,,3,2022-05-16,487071.88,USD,2022-05-16,,,,,,,,,,,,,,,,,,
XM-DAC-46007-500429,,3,2022-03-25,3016375.49,USD,2022-03-25,,,,,,,,,,,,,,,,,,
XM-DAC-46007-500429,,3,2022-02-22,2591680.44,USD,2022-02-22,,,,,,,,,,,,,,,,,,
XM-DAC-46007-500429,,3,2021-12-03,4920000,USD,2021-12-03,,,,,,,,,,,,,,,,,,
XM-DAC-46007-500429,,3,2021-09-29,5061550.71,USD,2021-09-29,,,,,,,,,,,,,,,,,,
XM-DAC-46007-500429,,3,2021-10-27,164283.75,USD,2021-10-27,,,,,,,,,,,,,,,,,,
XM-DAC-46007-500429,,3,2021-09-27,11631481.93,USD,2021-09-27,,,,,,,,,,,,,,,,,,
XM-DAC-46007-500429,,3,2021-12-15,1563484.76,USD,2021-12-15,,,,,,,,,,,,,,,,,,
XM-DAC-46007-500429,,3,2023-11-13,26996182.4,USD,2023-11-13,,,,,,,,,,,,,,,,,,
XM-DAC-46007-500429,,3,2024-06-18,12598871.45,USD,2024-06-18,,,,,,,,,,,,,,,,,,
XM-DAC-46007-500429,,3,2021-12-16,73523.17,USD,2021-12-16,,,,,,,,,,,,,,,,,,
XM-DAC-46007-500429,,3,2021-05-27,44800,USD,2021-05-27,,,,,,,,,,,,,,,,,,
XM-DAC-46007-500429,,3,2021-09-29,77381.92,USD,2021-09-29,,,,,,,,,,,,,,,,,,
XM-DAC-46007-500429,,3,2022-04-20,38498327.65,USD,2022-04-20,,,,,,,,,,,,,,,,,,
XM-DAC-46007-500429,,3,2022-10-19,28614478.99,USD,2022-10-19,,,,,,,,,,,,,,,,,,
XM-DAC-46007-500429,,3,2021-03-11,32000,USD,2021-03-11,,,,,,,,,,,,,,,,,,
XM-DAC-46007-500429,,3,2025-03-04,31847388.13,USD,2025-03-04,,,,,,,,,,,,,,,,,,
XM-DAC-46007-500429,,3,2021-09-28,2979229.38,USD,2021-09-28,,,,,,,,,,,,,,,,,,
XM-DAC-46007-500429,,3,2021-12-15,666966.75,USD,2021-12-15,,,,,,,,,,,,,,,,,,
XM-DAC-46007-500429,,3,2021-08-27,3246036.21,USD,2021-08-27,,,,,,,,,,,,,,,,,,
XM-DAC-46007-500429,,3,2023-03-20,45078197.45,USD,2023-03-20,,,,,,,,,,,,,,,,,,
XM-DAC-46007-500429,,3,2021-12-03,501381.01,USD,2021-12-03,,,,,,,,,,,,,,,,,,
XM-DAC-46007-500429,,3,2022-01-26,1834930.21,USD,2022-01-26,,,,,,,,,,,,,,,,,,
XM-DAC-46007-500429,,3,2021-10-27,69643.73,USD,2021-10-27,,,,,,,,,,,,,,,,,,
XM-DAC-46007-500429,,3,2021-07-26,51200,USD,2021-07-26,,,,,,,,,,,,,,,,,,
XM-DAC-46007-500429,,3,2021-10-28,11498.43,USD,2021-10-28,,,,,,,,,,,,,,,,,,
XM-DAC-46007-500429,,3,2021-09-30,150350.5,USD,2021-09-30,,,,,,,,,,,,,,,,,,
XM-DAC-46007-500426,,3,2024-05-30,12425000,USD,2024-05-30,,,,,,,,,,,,,,,,,,
XM-DAC-46007-500426,,3,2024-07-29,10800000,USD,2024-07-29,,,,,,,,,,,,,,,,,,
XM-DAC-46007-500426,,3,2023-02-09,2517500,USD,2023-02-09,,,,,,,,,,,,,,,,,,
XM-DAC-46007-500426,,3,2023-09-28,4000000,USD,2023-09-28,,,,,,,,,,,,,,,,,,
XM-DAC-46007-500426,,3,2025-02-27,8000000,USD,2025-02-27,,,,,,,,,,,,,,,,,,
XM-DAC-46007-500426,,3,2025-07-24,12000000,USD,2025-07-24,,,,,,,,,,,,,,,,,,
XM-DAC-46007-500422,,3,2022-11-23,10092904.98,USD,2022-11-23,,,,,,,,,,,,,,,,,,
XM-DAC-46007-500422,,3,2023-08-23,3845351.92,USD,2023-08-23,,,,,,,,,,,,,,,,,,
XM-DAC-46007-500422,,3,2023-01-20,8124338.35,USD,2023-01-20,,,,,,,,,,,,,,,,,,
XM-DAC-46007-500422,,3,2021-08-30,7251217.84,USD,2021-08-30,,,,,,,,,,,,,,,,,,
XM-DAC-46007-500422,,3,2023-11-22,14292451.95,USD,2023-11-22,,,,,,,,,,,,,,,,,,
XM-DAC-46007-500422,,3,2023-09-19,7972133.97,USD,2023-09-19,,,,,,,,,,,,,,,,,,
XM-DAC-46007-500422,,3,2023-09-20,6312719.67,USD,2023-09-20,,,,,,,,,,,,,,,,,,
XM-DAC-46007-500422,,3,2022-01-27,20380139.06,USD,2022-01-27,,,,,,,,,,,,,,,,,,
XM-DAC-46007-500422,,3,2023-02-24,11924922.05,USD,2023-02-24,,,,,,,,,,,,,,,,,,
XM-DAC-46007-500422,,3,2022-02-23,2302320.4,USD,2022-02-23,,,,,,,,,,,,,,,,,,
XM-DAC-46007-500422,,3,2021-12-09,1513915.7,USD,2021-12-09,,,,,,,,,,,,,,,,,,
XM-DAC-46007-500422,,3,2024-01-22,9459276.8,USD,2024-01-22,,,,,,,,,,,,,,,,,,
XM-DAC-46007-500422,,3,2025-09-29,1876052.98,USD,2025-09-29,,,,,,,,,,,,,,,,,,
XM-DAC-46007-500422,,3,2022-09-26,4225583.61,USD,2022-09-26,,,,,,,,,,,,,,,,,,
XM-DAC-46007-500422,,3,2025-08-06,6505431.89,USD,2025-08-06,,,,,,,,,,,,,,,,,,
XM-DAC-46007-500422,,3,2024-04-26,9081631.47,USD,2024-04-26,,,,,,,,,,,,,,,,,,
XM-DAC-46007-500422,,3,2024-04-26,151778.18,USD,2024-04-26,,,,,,,,,,,,,,,,,,
XM-DAC-46007-500422,,3,2022-03-24,3434277.63,USD,2022-03-24,,,,,,,,,,,,,,,,,,
XM-DAC-46007-500422,,3,2024-03-18,719892.55,USD,2024-03-18,,,,,,,,,,,,,,,,,,
XM-DAC-46007-500422,,3,2025-09-29,2206673.98,USD,2025-09-29,,,,,,,,,,,,,,,,,,
XM-DAC-46007-500422,,3,2022-04-27,4925183.58,USD,2022-04-27,,,,,,,,,,,,,,,,,,
XM-DAC-46007-500422,,3,2024-10-28,350986.94,USD,2024-10-28,,,,,,,,,,,,,,,,,,
XM-DAC-46007-500422,,3,2024-11-15,8746455.27,USD,2024-11-15,,,,,,,,,,,,,,,,,,
XM-DAC-46007-500422,,3,2021-10-28,12724486.02,USD,2021-10-28,,,,,,,,,,,,,,,,,,
XM-DAC-46007-500422,,3,2023-10-25,4509061.39,USD,2023-10-25,,,,,,,,,,,,,,,,,,
XM-DAC-46007-500422,,3,2022-12-09,5773227.06,USD,2022-12-09,,,,,,,,,,,,,,,,,,
XM-DAC-46007-500422,,3,2021-07-29,7243258.35,USD,2021-07-29,,,,,,,,,,,,,,,,,,
XM-DAC-46007-500422,,3,2021-08-30,15600000,USD,2021-08-30,,,,,,,,,,,,,,,,,,
XM-DAC-46007-500422,,3,2022-06-17,15225999.05,USD,2022-06-17,,,,,,,,,,,,,,,,,,
XM-DAC-46007-500422,,3,2024-06-25,3209995.72,USD,2024-06-25,,,,,,,,,,,,,,,,,,
XM-DAC-46007-500422,,3,2023-07-24,2598872.61,USD,2023-07-24,,,,,,,,,,,,,,,,,,
XM-DAC-46007-500422,,3,2022-10-26,8967525.91,USD,2022-10-26,,,,,,,,,,,,,,,,,,
XM-DAC-46007-500422,,3,2021-05-27,10857794.11,USD,2021-05-27,,,,,,,,,,,,,,,,,,
XM-DAC-46007-500422,,3,2025-07-03,2244589.67,USD,2025-07-03,,,,,,,,,,,,,,,,,,
XM-DAC-46007-500422,,3,2025-06-09,86161.65,USD,2025-06-09,,,,,,,,,,,,,,,,,,
XM-DAC-46007-500422,,3,2024-08-15,13395605.93,USD,2024-08-15,,,,,,,,,,,,,,,,,,
XM-DAC-46007-500422,,3,2022-11-22,5129327.42,USD,2022-11-22,,,,,,,,,,,,,,,,,,
XM-DAC-46007-500422,,3,2023-06-21,10545265.46,USD,2023-06-21,,,,,,,,,,,,,,,,,,
XM-DAC-46007-500422,,3,2023-04-26,4776231.62,USD,2023-04-26,,,,,,,,,,,,,,,,,,
XM-DAC-46007-500422,,3,2022-09-22,9185742.14,USD,2022-09-22,,,,,,,,,,,,,,,,,,
XM-DAC-46007-500422,,3,2022-05-25,4352539.88,USD,2022-05-25,,,,,,,,,,,,,,,,,,
XM-DAC-46007-500422,,3,2023-11-21,1242533.93,USD,2023-11-21,,,,,,,,,,,,,,,,,,
XM-DAC-46007-500422,,3,2023-03-23,7231816.12,USD,2023-03-23,,,,,,,,,,,,,,,,,,
XM-DAC-46007-500422,,3,2022-08-25,4638407.96,USD,2022-08-25,,,,,,,,,,,,,,,,,,
XM-DAC-46007-500422,,3,2022-07-27,7872117.1,USD,2022-07-27,,,,,,,,,,,,,,,,,,
XM-DAC-46007-500422,,3,2022-01-27,11335148.88,USD,2022-01-27,,,,,,,,,,,,,,,,,,
XM-DAC-46007-500422,,3,2023-06-22,3307031.47,USD,2023-06-22,,,,,,,,,,,,,,,,,,
XM-DAC-46007-500422,,3,2023-05-19,3106380.59,USD,2023-05-19,,,,,,,,,,,,,,,,,,
XM-DAC-46007-500422,,3,2022-06-23,8071508.31,USD,2022-06-23,,,,,,,,,,,,,,,,,,
XM-DAC-46007-500422,,3,2023-02-22,4577808.11,USD,2023-02-22,,,,,,,,,,,,,,,,,,
XM-DAC-46007-500397,,3,2024-03-18,1892069.49,USD,2024-03-18,,,,,,,,,,,,,,,,,,
XM-DAC-46007-500397,,3,2022-06-30,5474074.84,USD,2022-06-30,,,,,,,,,,,,,,,,,,
XM-DAC-46007-500397,,3,2021-08-31,2245067.31,USD,2021-08-31,,,,,,,,,,,,,,,,,,
XM-DAC-46007-500397,,3,2023-10-20,1099857.68,USD,2023-10-20,,,,,,,,,,,,,,,,,,
XM-DAC-46007-500397,,3,2023-03-23,1215472.5,USD,2023-03-23,,,,,,,,,,,,,,,,,,
XM-DAC-46007-500397,,3,2022-10-20,3218343.13,USD,2022-10-20,,,,,,,,,,,,,,,,,,
XM-DAC-46007-500397,,3,2023-07-25,137901.57,USD,2023-07-25,,,,,,,,,,,,,,,,,,
XM-DAC-46007-500397,,3,2022-04-27,6013962.23,USD,2022-04-27,,,,,,,,,,,,,,,,,,
XM-DAC-46007-500397,,3,2021-01-28,241763.2,USD,2021-01-28,,,,,,,,,,,,,,,,,,
XM-DAC-46007-500397,,3,2024-08-29,1199395.58,USD,2024-08-29,,,,,,,,,,,,,,,,,,
XM-DAC-46007-500397,,3,2022-01-27,7020650.06,USD,2022-01-27,,,,,,,,,,,,,,,,,,
XM-DAC-46007-500397,,3,2024-11-21,1266729.52,USD,2024-11-21,,,,,,,,,,,,,,,,,,
XM-DAC-46007-500397,,3,2020-08-31,5597645.26,USD,2020-08-31,,,,,,,,,,,,,,,,,,
XM-DAC-46007-500397,,3,2023-04-21,925386.6,USD,2023-04-21,,,,,,,,,,,,,,,,,,
XM-DAC-46007-500397,,3,2023-05-19,5692074.29,USD,2023-05-19,,,,,,,,,,,,,,,,,,
XM-DAC-46007-500397,,3,2022-12-08,2742192.26,USD,2022-12-08,,,,,,,,,,,,,,,,,,
XM-DAC-46007-500397,,3,2022-11-23,3522044.68,USD,2022-11-23,,,,,,,,,,,,,,,,,,
XM-DAC-46007-500397,,3,2021-04-29,1382323.83,USD,2021-04-29,,,,,,,,,,,,,,,,,,
XM-DAC-46007-500397,,3,2021-07-29,3530937.01,USD,2021-07-29,,,,,,,,,,,,,,,,,,
XM-DAC-46007-500397,,3,2022-08-25,5503702.05,USD,2022-08-25,,,,,,,,,,,,,,,,,,
XM-DAC-46007-500397,,3,2021-02-26,352245.6,USD,2021-02-26,,,,,,,,,,,,,,,,,,
XM-DAC-46007-500397,,3,2022-05-23,4573695.16,USD,2022-05-23,,,,,,,,,,,,,,,,,,
XM-DAC-46007-500397,,3,2024-01-24,3699670.34,USD,2024-01-24,,,,,,,,,,,,,,,,,,
XM-DAC-46007-500397,,3,2022-02-23,2819512.89,USD,2022-02-23,,,,,,,,,,,,,,,,,,
XM-DAC-46007-500397,,3,2024-07-25,5960923.33,USD,2024-07-25,,,,,,,,,,,,,,,,,,
XM-DAC-46007-500397,,3,2023-06-22,546606.28,USD,2023-06-22,,,,,,,,,,,,,,,,,,
XM-DAC-46007-500397,,3,2022-09-29,4166414.78,USD,2022-09-29,,,,,,,,,,,,,,,,,,
XM-DAC-46007-500397,,3,2023-01-23,2572369.74,USD,2023-01-23,,,,,,,,,,,,,,,,,,
XM-DAC-46007-500397,,3,2021-03-26,1658363.28,USD,2021-03-26,,,,,,,,,,,,,,,,,,
XM-DAC-46007-500397,,3,2021-05-26,2585667.32,USD,2021-05-26,,,,,,,,,,,,,,,,,,
XM-DAC-46007-500397,,3,2024-10-25,399315.73,USD,2024-10-25,,,,,,,,,,,,,,,,,,
XM-DAC-46007-500397,,3,2023-08-23,137901.57,USD,2023-08-23,,,,,,,,,,,,,,,,,,
XM-DAC-46007-500397,,3,2023-02-21,1016340.61,USD,2023-02-21,,,,,,,,,,,,,,,,,,
XM-DAC-46007-500397,,3,2021-09-24,3388881.6,USD,2021-09-24,,,,,,,,,,,,,,,,,,
XM-DAC-46007-500397,,3,2021-10-27,5305144.2,USD,2021-10-27,,,,,,,,,,,,,,,,,,
XM-DAC-46007-500397,,3,2024-05-17,11101907.76,USD,2024-05-17,,,,,,,,,,,,,,,,,,
XM-DAC-46007-500397,,3,2020-12-08,40058627.73,USD,2020-12-08,,,,,,,,,,,,,,,,,,
XM-DAC-46007-500397,,3,2021-06-24,6645266.01,USD,2021-06-24,,,,,,,,,,,,,,,,,,
XM-DAC-46007-500397,,3,2024-09-27,3537283.4,USD,2024-09-27,,,,,,,,,,,,,,,,,,
XM-DAC-46007-500397,,3,2022-03-24,4703911.27,USD,2022-03-24,,,,,,,,,,,,,,,,,,
XM-DAC-46007-500397,,3,2022-07-27,2822746.49,USD,2022-07-27,,,,,,,,,,,,,,,,,,
XM-DAC-46007-500397,,3,2021-12-09,5193368.43,USD,2021-12-09,,,,,,,,,,,,,,,,,,
XM-DAC-46007-500397,,3,2025-02-14,2501868.13,USD,2025-02-14,,,,,,,,,,,,,,,,,,
XM-DAC-46007-500357,,3,2021-05-21,310656.48,USD,2021-05-21,,,,,,,,,,,,,,,,,,
XM-DAC-46007-500357,,3,2023-12-21,153000,USD,2023-12-21,,,,,,,,,,,,,,,,,,
XM-DAC-46007-500357,,3,2025-09-25,7407713.85,USD,2025-09-25,,,,,,,,,,,,,,,,,,
XM-DAC-46007-500357,,3,2025-06-06,13250365.94,USD,2025-06-06,,,,,,,,,,,,,,,,,,
XM-DAC-46007-500349,,3,2021-06-23,107210.98,USD,2021-06-23,,,,,,,,,,,,,,,,,,
XM-DAC-46007-500349,,3,2022-07-22,1534226.99,USD,2022-07-22,,,,,,,,,,,,,,,,,,
XM-DAC-46007-500349,,3,2021-03-30,107210.98,USD,2021-03-30,,,,,,,,,,,,,,,,,,
XM-DAC-46007-500349,,3,2024-01-12,2769299.54,USD,2024-01-12,,,,,,,,,,,,,,,,,,
XM-DAC-46007-500349,,3,2025-02-05,761489.36,USD,2025-02-05,,,,,,,,,,,,,,,,,,
XM-DAC-46007-500349,,3,2023-08-18,2859568.58,USD,2023-08-18,,,,,,,,,,,,,,,,,,
XM-DAC-46007-500349,,3,2023-04-20,3127317.09,USD,2023-04-20,,,,,,,,,,,,,,,,,,
XM-DAC-46007-500349,,3,2023-06-20,2244799.22,USD,2023-06-20,,,,,,,,,,,,,,,,,,
XM-DAC-46007-500349,,3,2020-09-29,49687.5,USD,2020-09-29,,,,,,,,,,,,,,,,,,
XM-DAC-46007-500349,,3,2022-09-27,45454.21,USD,2022-09-27,,,,,,,,,,,,,,,,,,
XM-DAC-46007-500349,,3,2023-09-20,5266900.28,USD,2023-09-20,,,,,,,,,,,,,,,,,,
XM-DAC-46007-500349,,3,2025-09-29,3541533.16,USD,2025-09-29,,,,,,,,,,,,,,,,,,
XM-DAC-46007-500349,,3,2022-12-08,1148529.95,USD,2022-12-08,,,,,,,,,,,,,,,,,,
XM-DAC-46007-500349,,3,2021-05-25,49687.5,USD,2021-05-25,,,,,,,,,,,,,,,,,,
XM-DAC-46007-500349,,3,2021-02-04,107210.98,USD,2021-02-04,,,,,,,,,,,,,,,,,,
XM-DAC-46007-500349,,3,2022-11-23,156898.48,USD,2022-11-23,,,,,,,,,,,,,,,,,,
XM-DAC-46007-500349,,3,2023-01-23,173069.26,USD,2023-01-23,,,,,,,,,,,,,,,,,,
XM-DAC-46007-500349,,3,2024-08-21,9619585.37,USD,2024-08-21,,,,,,,,,,,,,,,,,,
XM-DAC-46007-500349,,3,2023-04-20,107210.98,USD,2023-04-20,,,,,,,,,,,,,,,,,,
XM-DAC-46007-500349,,3,2020-10-29,214421.96,USD,2020-10-29,,,,,,,,,,,,,,,,,,
XM-DAC-46007-500349,,3,2021-09-28,107210.98,USD,2021-09-28,,,,,,,,,,,,,,,,,,
XM-DAC-46007-500349,,3,2024-02-28,10591646.8,USD,2024-02-28,,,,,,,,,,,,,,,,,,
XM-DAC-46007-500349,,3,2021-03-30,222163.2,USD,2021-03-30,,,,,,,,,,,,,,,,,,
XM-DAC-46007-500349,,3,2022-11-22,2622500,USD,2022-11-22,,,,,,,,,,,,,,,,,,
XM-DAC-46007-500349,,3,2020-12-16,107210.98,USD,2020-12-16,,,,,,,,,,,,,,,,,,
XM-DAC-46007-500349,,3,2021-04-29,107210.98,USD,2021-04-29,,,,,,,,,,,,,,,,,,
XM-DAC-46007-500349,,3,2021-08-31,107210.98,USD,2021-08-31,,,,,,,,,,,,,,,,,,
XM-DAC-46007-500349,,3,2025-06-13,3760000,USD,2025-06-13,,,,,,,,,,,,,,,,,,
XM-DAC-46007-500349,,3,2024-03-18,1209219.63,USD,2024-03-18,,,,,,,,,,,,,,,,,,
XM-DAC-46007-500349,,3,2023-05-19,3661854.89,USD,2023-05-19,,,,,,,,,,,,,,,,,,
XM-DAC-46007-500349,,3,2020-09-25,726652.19,USD,2020-09-25,,,,,,,,,,,,,,,,,,
XM-DAC-46007-500349,,3,2021-12-15,107210.98,USD,2021-12-15,,,,,,,,,,,,,,,,,,
XM-DAC-46007-500349,,3,2022-10-24,524154.81,USD,2022-10-24,,,,,,,,,,,,,,,,,,
XM-DAC-46007-500349,,3,2022-10-21,2622500,USD,2022-10-21,,,,,,,,,,,,,,,,,,
XM-DAC-46007-500349,,3,2022-12-12,107210.98,USD,2022-12-12,,,,,,,,,,,,,,,,,,
XM-DAC-46007-500349,,3,2021-02-04,49687.5,USD,2021-02-04,,,,,,,,,,,,,,,,,,
XM-DAC-46007-500349,,3,2021-10-28,107210.98,USD,2021-10-28,,,,,,,,,,,,,,,,,,
XM-DAC-46007-500349,,3,2022-03-24,107210.98,USD,2022-03-24,,,,,,,,,,,,,,,,,,
XM-DAC-46007-500349,,3,2023-07-21,2230829.17,USD,2023-07-21,,,,,,,,,,,,,,,,,,
XM-DAC-46007-500349,,3,2025-08-20,7023730.45,USD,2025-08-20,,,,,,,,,,,,,,,,,,
XM-DAC-46007-500349,,3,2022-04-28,759392,USD,2022-04-28,,,,,,,,,,,,,,,,,,
XM-DAC-46007-500349,,3,2024-04-17,7609772.56,USD,2024-04-17,,,,,,,,,,,,,,,,,,
XM-DAC-46007-500349,,3,2025-04-11,56595.61,USD,2025-04-11,,,,,,,,,,,,,,,,,,
XM-DAC-46007-500349,,3,2023-11-15,1830457.53,USD,2023-11-15,,,,,,,,,,,,,,,,,,
XM-DAC-46007-500349,,3,2025-10-24,3270000,USD,2025-10-24,,,,,,,,,,,,,,,,,,
XM-DAC-46007-500349,,3,2022-08-26,566236.92,USD,2022-08-26,,,,,,,,,,,,,,,,,,
XM-DAC-46007-500349,,3,2023-01-27,2257587.71,USD,2023-01-27,,,,,,,,,,,,,,,,,,
XM-DAC-46007-500349,,3,2025-05-16,8095279.78,USD,2025-05-16,,,,,,,,,,,,,,,,,,
XM-DAC-46007-500349,,3,2020-11-25,107210.98,USD,2020-11-25,,,,,,,,,,,,,,,,,,
XM-DAC-46007-500349,,3,2023-03-21,5471753.92,USD,2023-03-21,,,,,,,,,,,,,,,,,,
XM-DAC-46007-500349,,3,2021-05-25,107210.98,USD,2021-05-25,,,,,,,,,,,,,,,,,,
XM-DAC-46007-500349,,3,2020-11-25,49687.5,USD,2020-11-25,,,,,,,,,,,,,,,,,,
XM-DAC-46007-500349,,3,2022-05-27,1266538.04,USD,2022-05-27,,,,,,,,,,,,,,,,,,
XM-DAC-46007-500349,,3,2023-10-20,2809110.3,USD,2023-10-20,,,,,,,,,,,,,,,,,,
XM-DAC-46007-500349,,3,2022-06-22,107210.98,USD,2022-06-22,,,,,,,,,,,,,,,,,,
XM-DAC-46007-500349,,3,2022-09-22,568976.96,USD,2022-09-22,,,,,,,,,,,,,,,,,,
XM-DAC-46007-500349,,3,2024-11-14,5679052.47,USD,2024-11-14,,,,,,,,,,,,,,,,,,
XM-DAC-46007-500349,,3,2021-07-28,107210.98,USD,2021-07-28,,,,,,,,,,,,,,,,,,
XM-DAC-46007-500349,,3,2022-10-20,10800000,USD,2022-10-20,,,,,,,,,,,,,,,,,,
XM-DAC-46007-500349,,3,2020-12-16,333244.8,USD,2020-12-16,,,,,,,,,,,,,,,,,,
XM-DAC-46007-500349,,3,2025-02-14,3061335.58,USD,2025-02-14,,,,,,,,,,,,,,,,,,
XM-DAC-46007-500349,,3,2021-08-31,49687.5,USD,2021-08-31,,,,,,,,,,,,,,,,,,
XM-DAC-46007-500349,,3,2020-11-05,3112592,USD,2020-11-05,,,,,,,,,,,,,,,,,,
XM-DAC-46007-500349,,3,2021-12-03,439498.48,USD,2021-12-03,,,,,,,,,,,,,,,,,,
XM-DAC-46007-500349,,3,2024-10-09,5341479.77,USD,2024-10-09,,,,,,,,,,,,,,,,,,
XM-DAC-46007-500349,,3,2022-02-22,156898.48,USD,2022-02-22,,,,,,,,,,,,,,,,,,
XM-DAC-46007-500349,,3,2024-09-18,3758830.7,USD,2024-09-18,,,,,,,,,,,,,,,,,,
XM-DAC-46007-500349,,3,2023-02-24,3824564.6,USD,2023-02-24,,,,,,,,,,,,,,,,,,
XM-DAC-46007-500349,,3,2021-02-25,107210.98,USD,2021-02-25,,,,,,,,,,,,,,,,,,
XM-DAC-46007-500349,,3,2024-05-17,2911419.35,USD,2024-05-17,,,,,,,,,,,,,,,,,,
XM-DAC-46007-500349,,3,2022-03-29,5302609.37,USD,2022-03-29,,,,,,,,,,,,,,,,,,
XM-DAC-46007-500349,,3,2022-01-21,107210.98,USD,2022-01-21,,,,,,,,,,,,,,,,,,
XM-DAC-46007-500349,,3,2025-03-13,2776765.74,USD,2025-03-13,,,,,,,,,,,,,,,,,,
XM-DAC-46007-500349,,3,2020-09-29,49687.5,USD,2020-09-29,,,,,,,,,,,,,,,,,,
XM-DAC-46007-500349,,3,2020-08-20,917000,USD,2020-08-20,,,,,,,,,,,,,,,,,,
XM-DAC-46007-500349,,3,2025-07-16,75681.38,USD,2025-07-16,,,,,,,,,,,,,,,,,,
XM-DAC-46007-500346,,3,2022-04-20,27795.13,USD,2022-04-20,,,,,,,,,,,,,,,,,,
XM-DAC-46007-500346,,3,2021-06-24,37060.17,USD,2021-06-24,,,,,,,,,,,,,,,,,,
XM-DAC-46007-500346,,3,2025-03-17,444348.25,USD,2025-03-17,,,,,,,,,,,,,,,,,,
XM-DAC-46007-500346,,3,2021-10-28,27795.13,USD,2021-10-28,,,,,,,,,,,,,,,,,,
XM-DAC-46007-500346,,3,2025-08-06,1742229.93,USD,2025-08-06,,,,,,,,,,,,,,,,,,
XM-DAC-46007-500338,,3,2025-02-14,5700714.5,USD,2025-02-14,,,,,,,,,,,,,,,,,,
XM-DAC-46007-500338,,3,2025-08-22,107000000,USD,2025-08-22,,,,,,,,,,,,,,,,,,
XM-DAC-46007-500316,,3,2025-08-06,197053.13,USD,2025-08-06,,,,,,,,,,,,,,,,,,
XM-DAC-46007-500316,,3,2023-05-22,1373419.75,USD,2023-05-22,,,,,,,,,,,,,,,,,,
XM-DAC-46007-500316,,3,2022-06-22,1612627.67,USD,2022-06-22,,,,,,,,,,,,,,,,,,
XM-DAC-46007-500316,,3,2024-08-23,1099062.37,USD,2024-08-23,,,,,,,,,,,,,,,,,,
XM-DAC-46007-500316,,3,2021-01-27,5160086.44,USD,2021-01-27,,,,,,,,,,,,,,,,,,
XM-DAC-46007-500316,,3,2021-10-27,8148064.25,USD,2021-10-27,,,,,,,,,,,,,,,,,,
XM-DAC-46007-500316,,3,2024-04-23,1120926.54,USD,2024-04-23,,,,,,,,,,,,,,,,,,
XM-DAC-46007-500316,,3,2022-01-31,4974270.08,USD,2022-01-31,,,,,,,,,,,,,,,,,,
XM-DAC-46007-500316,,3,2021-04-27,5569867.3,USD,2021-04-27,,,,,,,,,,,,,,,,,,
XM-DAC-46007-500316,,3,2021-12-16,10570928.37,USD,2021-12-16,,,,,,,,,,,,,,,,,,
XM-DAC-46007-500316,,3,2022-07-26,2570436.7,USD,2022-07-26,,,,,,,,,,,,,,,,,,
XM-DAC-46007-500316,,3,2021-08-30,1727695.88,USD,2021-08-30,,,,,,,,,,,,,,,,,,
XM-DAC-46007-500316,,3,2024-07-25,1353628.12,USD,2024-07-25,,,,,,,,,,,,,,,,,,
XM-DAC-46007-500316,,3,2021-08-31,5261269.64,USD,2021-08-31,,,,,,,,,,,,,,,,,,
XM-DAC-46007-500316,,3,2020-10-30,4335040.69,USD,2020-10-30,,,,,,,,,,,,,,,,,,
XM-DAC-46007-500316,,3,2021-09-28,2024885.36,USD,2021-09-28,,,,,,,,,,,,,,,,,,
XM-DAC-46007-500316,,3,2025-04-04,968470.3,USD,2025-04-04,,,,,,,,,,,,,,,,,,
XM-DAC-46007-500316,,3,2021-05-24,5232638.35,USD,2021-05-24,,,,,,,,,,,,,,,,,,
XM-DAC-46007-500316,,3,2020-06-26,15211757.08,USD,2020-06-26,,,,,,,,,,,,,,,,,,
XM-DAC-46007-500316,,3,2024-06-26,1503756.51,USD,2024-06-26,,,,,,,,,,,,,,,,,,
XM-DAC-46007-500316,,3,2021-03-23,5164708.84,USD,2021-03-23,,,,,,,,,,,,,,,,,,
XM-DAC-46007-500316,,3,2022-12-08,1033236.85,USD,2022-12-08,,,,,,,,,,,,,,,,,,
XM-DAC-46007-500316,,3,2022-03-24,1506873.01,USD,2022-03-24,,,,,,,,,,,,,,,,,,
XM-DAC-46007-500316,,3,2020-04-28,2694742.51,USD,2020-04-28,,,,,,,,,,,,,,,,,,
XM-DAC-46007-500316,,3,2020-07-31,6753491.93,USD,2020-07-31,,,,,,,,,,,,,,,,,,
XM-DAC-46007-500316,,3,2022-11-22,1188264.01,USD,2022-11-22,,,,,,,,,,,,,,,,,,
XM-DAC-46007-500316,,3,2022-09-29,509993.37,USD,2022-09-29,,,,,,,,,,,,,,,,,,
XM-DAC-46007-500316,,3,2023-04-21,962867.67,USD,2023-04-21,,,,,,,,,,,,,,,,,,
XM-DAC-46007-500316,,3,2021-09-24,9277835.82,USD,2021-09-24,,,,,,,,,,,,,,,,,,
XM-DAC-46007-500316,,3,2020-09-30,5383937.9,USD,2020-09-30,,,,,,,,,,,,,,,,,,
XM-DAC-46007-500316,,3,2020-03-03,26377894.05,USD,2020-03-03,,,,,,,,,,,,,,,,,,
XM-DAC-46007-500316,,3,2021-12-16,1810169.74,USD,2021-12-16,,,,,,,,,,,,,,,,,,
XM-DAC-46007-500316,,3,2023-03-23,1382373.46,USD,2023-03-23,,,,,,,,,,,,,,,,,,
XM-DAC-46007-500316,,3,2021-03-19,17621.1,USD,2021-03-19,,,,,,,,,,,,,,,,,,
XM-DAC-46007-500316,,3,2021-07-29,4449983.17,USD,2021-07-29,,,,,,,,,,,,,,,,,,
XM-DAC-46007-500316,,3,2023-02-21,574566.61,USD,2023-02-21,,,,,,,,,,,,,,,,,,
XM-DAC-46007-500316,,3,2019-09-30,10548863.45,USD,2019-09-30,,,,,,,,,,,,,,,,,,
XM-DAC-46007-500316,,3,2023-01-24,5158708.12,USD,2023-01-24,,,,,,,,,,,,,,,,,,
XM-DAC-46007-500316,,3,2022-10-20,757484.55,USD,2022-10-20,,,,,,,,,,,,,,,,,,
XM-DAC-46007-500316,,3,2025-06-09,222033.19,USD,2025-06-09,,,,,,,,,,,,,,,,,,
XM-DAC-46007-500316,,3,2021-04-27,2040787.05,USD,2021-04-27,,,,,,,,,,,,,,,,,,
XM-DAC-46007-500316,,3,2022-02-25,1791497.81,USD,2022-02-25,,,,,,,,,,,,,,,,,,
XM-DAC-46007-500316,,3,2020-09-30,1735504.55,USD,2020-09-30,,,,,,,,,,,,,,,,,,
XM-DAC-46007-500316,,3,2021-02-26,5095271.06,USD,2021-02-26,,,,,,,,,,,,,,,,,,
XM-DAC-46007-500316,,3,2022-05-25,7675794.75,USD,2022-05-25,,,,,,,,,,,,,,,,,,
XM-DAC-46007-500316,,3,2020-08-31,6464475.57,USD,2020-08-31,,,,,,,,,,,,,,,,,,
XM-DAC-46007-500316,,3,2022-04-22,3427583.85,USD,2022-04-22,,,,,,,,,,,,,,,,,,
XM-DAC-46007-500316,,3,2020-12-17,3771549.04,USD,2020-12-17,,,,,,,,,,,,,,,,,,
XM-DAC-46007-500316,,3,2020-11-27,3087838.07,USD,2020-11-27,,,,,,,,,,,,,,,,,,
XM-DAC-46007-500316,,3,2022-02-22,1792274.38,USD,2022-02-22,,,,,,,,,,,,,,,,,,
XM-DAC-46007-500316,,3,2021-06-24,6249983.19,USD,2021-06-24,,,,,,,,,,,,,,,,,,
XM-DAC-46007-500316,,3,2020-06-29,3000000,USD,2020-06-29,,,,,,,,,,,,,,,,,,
XM-DAC-46007-500316,,3,2023-06-22,78527.71,USD,2023-06-22,,,,,,,,,,,,,,,,,,
XM-DAC-46007-500316,,3,2020-11-27,2383585.81,USD,2020-11-27,,,,,,,,,,,,,,,,,,
XM-DAC-46007-500316,,3,2024-09-26,1028435.36,USD,2024-09-26,,,,,,,,,,,,,,,,,,
XM-DAC-46007-500316,,3,2022-08-26,6039616.38,USD,2022-08-26,,,,,,,,,,,,,,,,,,
XM-DAC-46007-500316,,3,2019-10-25,13658113.18,USD,2019-10-25,,,,,,,,,,,,,,,,,,
XM-DAC-46007-500276,,3,2022-12-08,132878.66,USD,2022-12-08,,,,,,,,,,,,,,,,,,
XM-DAC-46007-500276,,3,2021-08-18,30482.36,USD,2021-08-18,,,,,,,,,,,,,,,,,,
XM-DAC-46007-500276,,3,2025-10-21,158000,USD,2025-10-21,,,,,,,,,,,,,,,,,,
XM-DAC-46007-500276,,3,2022-01-24,544136.1,USD,2022-01-24,,,,,,,,,,,,,,,,,,
XM-DAC-46007-500276,,3,2023-07-21,101419.39,USD,2023-07-21,,,,,,,,,,,,,,,,,,
XM-DAC-46007-500276,,3,2024-10-21,10843.51,USD,2024-10-21,,,,,,,,,,,,,,,,,,
XM-DAC-46007-500276,,3,2024-07-18,79000,USD,2024-07-18,,,,,,,,,,,,,,,,,,
XM-DAC-46007-500276,,3,2023-01-17,123099.41,USD,2023-01-17,,,,,,,,,,,,,,,,,,
XM-DAC-46007-500276,,3,2025-05-16,243173.69,USD,2025-05-16,,,,,,,,,,,,,,,,,,
XM-DAC-46007-500276,,3,2021-07-26,41911.38,USD,2021-07-26,,,,,,,,,,,,,,,,,,
XM-DAC-46007-500276,,3,2024-09-20,248057.68,USD,2024-09-20,,,,,,,,,,,,,,,,,,
XM-DAC-46007-500276,,3,2022-02-23,194541.72,USD,2022-02-23,,,,,,,,,,,,,,,,,,
XM-DAC-46007-500276,,3,2025-08-20,158000,USD,2025-08-20,,,,,,,,,,,,,,,,,,
XM-DAC-46007-500276,,3,2022-04-26,528587.06,USD,2022-04-26,,,,,,,,,,,,,,,,,,
XM-DAC-46007-500276,,3,2024-11-15,4886.12,USD,2024-11-15,,,,,,,,,,,,,,,,,,
XM-DAC-46007-500276,,3,2023-10-20,151211.48,USD,2023-10-20,,,,,,,,,,,,,,,,,,
XM-DAC-46007-500276,,3,2024-06-18,785728.46,USD,2024-06-18,,,,,,,,,,,,,,,,,,
XM-DAC-46007-500276,,3,2022-03-25,452323.33,USD,2022-03-25,,,,,,,,,,,,,,,,,,
XM-DAC-46007-500276,,3,2021-12-14,367701.56,USD,2021-12-14,,,,,,,,,,,,,,,,,,
XM-DAC-46007-500276,,3,2023-03-17,215918.92,USD,2023-03-17,,,,,,,,,,,,,,,,,,
XM-DAC-46007-500276,,3,2022-06-22,753456.21,USD,2022-06-22,,,,,,,,,,,,,,,,,,
XM-DAC-46007-500276,,3,2021-01-28,4755967.85,USD,2021-01-28,,,,,,,,,,,,,,,,,,
XM-DAC-46007-500276,,3,2024-02-20,67558.06,USD,2024-02-20,,,,,,,,,,,,,,,,,,
XM-DAC-46007-500276,,3,2021-05-27,121929.46,USD,2021-05-27,,,,,,,,,,,,,,,,,,
XM-DAC-46007-500276,,3,2023-05-22,83875.03,USD,2023-05-22,,,,,,,,,,,,,,,,,,
XM-DAC-46007-500276,,3,2021-10-29,465795.83,USD,2021-10-29,,,,,,,,,,,,,,,,,,
XM-DAC-46007-500276,,3,2025-07-16,869000,USD,2025-07-16,,,,,,,,,,,,,,,,,,
XM-DAC-46007-500276,,3,2023-04-20,94913.33,USD,2023-04-20,,,,,,,,,,,,,,,,,,
XM-DAC-46007-500276,,3,2021-09-30,414260.75,USD,2021-09-30,,,,,,,,,,,,,,,,,,
XM-DAC-46007-500276,,3,2025-02-18,84307.44,USD,2025-02-18,,,,,,,,,,,,,,,,,,
XM-DAC-46007-500276,,3,2023-11-20,177852.42,USD,2023-11-20,,,,,,,,,,,,,,,,,,
XM-DAC-46007-500276,,3,2023-09-19,146550.51,USD,2023-09-19,,,,,,,,,,,,,,,,,,
XM-DAC-46007-500276,,3,2024-04-18,115705.63,USD,2024-04-18,,,,,,,,,,,,,,,,,,
XM-DAC-46007-500276,,3,2024-01-19,161655.95,USD,2024-01-19,,,,,,,,,,,,,,,,,,
XM-DAC-46007-500276,,3,2024-03-18,95318.29,USD,2024-03-18,,,,,,,,,,,,,,,,,,
XM-DAC-46007-500276,,3,2021-06-24,169074.36,USD,2021-06-24,,,,,,,,,,,,,,,,,,
XM-DAC-46007-500276,,3,2022-05-25,879761.39,USD,2022-05-25,,,,,,,,,,,,,,,,,,
XM-DAC-46007-500276,,3,2023-08-14,210666.67,USD,2023-08-14,,,,,,,,,,,,,,,,,,
XM-DAC-46007-500276,,3,2021-07-26,60964.73,USD,2021-07-26,,,,,,,,,,,,,,,,,,
XM-DAC-46007-500276,,3,2024-05-17,112027.2,USD,2024-05-17,,,,,,,,,,,,,,,,,,
XM-DAC-46007-500276,,3,2025-04-11,565332.28,USD,2025-04-11,,,,,,,,,,,,,,,,,,
XM-DAC-46007-500276,,3,2022-07-18,74186.44,USD,2022-07-18,,,,,,,,,,,,,,,,,,
XM-DAC-46007-500276,,3,2021-07-30,355090.65,USD,2021-07-30,,,,,,,,,,,,,,,,,,
XM-DAC-46007-500276,,3,2022-02-15,39018.57,USD,2022-02-15,,,,,,,,,,,,,,,,,,
XM-DAC-46007-500276,,3,2021-08-24,121929.45,USD,2021-08-24,,,,,,,,,,,,,,,,,,
XM-DAC-46007-500271,,3,2024-06-28,5275888.82,USD,2024-06-28,,,,,,,,,,,,,,,,,,
XM-DAC-46007-500271,,3,2024-06-27,660257,USD,2024-06-27,,,,,,,,,,,,,,,,,,
XM-DAC-46007-500271,,3,2025-07-29,7500000,USD,2025-07-29,,,,,,,,,,,,,,,,,,
XM-DAC-46007-500271,,3,2023-09-21,11339742.46,USD,2023-09-21,,,,,,,,,,,,,,,,,,
XM-DAC-46007-500270,,3,2020-12-22,852330.23,USD,2020-12-22,,,,,,,,,,,,,,,,,,
XM-DAC-46007-500270,,3,2023-07-31,16116572.44,USD,2023-07-31,,,,,,,,,,,,,,,,,,
XM-DAC-46007-500270,,3,2024-10-09,18411597.79,USD,2024-10-09,,,,,,,,,,,,,,,,,,
XM-DAC-46007-500267,,3,2025-03-24,19720000,USD,2025-03-24,,,,,,,,,,,,,,,,,,
XM-DAC-46007-500267,,3,2024-12-12,8000000,USD,2024-12-12,,,,,,,,,,,,,,,,,,
XM-DAC-46007-500267,,3,2020-06-26,500000,USD,2020-06-26,,,,,,,,,,,,,,,,,,
XM-DAC-46007-500258,,3,2021-02-26,4306520.37,USD,2021-02-26,,,,,,,,,,,,,,,,,,
XM-DAC-46007-500248,,3,2020-12-14,1134111.92,USD,2020-12-14,,,,,,,,,,,,,,,,,,
XM-DAC-46007-500248,,3,2024-09-13,7059036.22,USD,2024-09-13,,,,,,,,,,,,,,,,,,
XM-DAC-46007-500248,,3,2020-09-29,157908.02,USD,2020-09-29,,,,,,,,,,,,,,,,,,
XM-DAC-46007-500248,,3,2022-11-22,503807.42,USD,2022-11-22,,,,,,,,,,,,,,,,,,
XM-DAC-46007-500248,,3,2023-11-15,1937672.33,USD,2023-11-15,,,,,,,,,,,,,,,,,,
XM-DAC-46007-500248,,3,2019-11-18,104086.98,USD,2019-11-18,,,,,,,,,,,,,,,,,,
XM-DAC-46007-500248,,3,2021-03-10,167698.32,USD,2021-03-10,,,,,,,,,,,,,,,,,,
XM-DAC-46007-500248,,3,2024-06-18,751146.11,USD,2024-06-18,,,,,,,,,,,,,,,,,,
XM-DAC-46007-500248,,3,2021-06-14,180173.05,USD,2021-06-14,,,,,,,,,,,,,,,,,,
XM-DAC-46007-500248,,3,2019-11-18,405307.68,USD,2019-11-18,,,,,,,,,,,,,,,,,,
XM-DAC-46007-500248,,3,2020-06-25,682504.5,USD,2020-06-25,,,,,,,,,,,,,,,,,,
XM-DAC-46007-500248,,3,2020-12-18,5002628.67,USD,2020-12-18,,,,,,,,,,,,,,,,,,
XM-DAC-46007-500248,,3,2022-12-08,1242802.85,USD,2022-12-08,,,,,,,,,,,,,,,,,,
XM-DAC-46007-500248,,3,2019-12-19,532858.59,USD,2019-12-19,,,,,,,,,,,,,,,,,,
XM-DAC-46007-500248,,3,2023-01-19,365590.96,USD,2023-01-19,,,,,,,,,,,,,,,,,,
XM-DAC-46007-500248,,3,2020-12-18,2246618.42,USD,2020-12-18,,,,,,,,,,,,,,,,,,
XM-DAC-46007-500248,,3,2020-01-27,7000000,USD,2020-01-27,,,,,,,,,,,,,,,,,,
XM-DAC-46007-500248,,3,2019-12-20,1161813.8,USD,2019-12-20,,,,,,,,,,,,,,,,,,
XM-DAC-46007-500248,,3,2024-10-25,538357.29,USD,2024-10-25,,,,,,,,,,,,,,,,,,
XM-DAC-46007-500248,,3,2019-11-18,914834.3,USD,2019-11-18,,,,,,,,,,,,,,,,,,
XM-DAC-46007-500248,,3,2023-01-23,5000000,USD,2023-01-23,,,,,,,,,,,,,,,,,,
XM-DAC-46007-500248,,3,2020-12-11,192031.28,USD,2020-12-11,,,,,,,,,,,,,,,,,,
XM-DAC-46007-500248,,3,2025-08-20,3082375.49,USD,2025-08-20,,,,,,,,,,,,,,,,,,
XM-DAC-46007-500248,,3,2024-05-17,2667802.46,USD,2024-05-17,,,,,,,,,,,,,,,,,,
XM-DAC-46007-500248,,3,2020-06-25,175453.35,USD,2020-06-25,,,,,,,,,,,,,,,,,,
XM-DAC-46007-500248,,3,2022-01-25,890322.38,USD,2022-01-25,,,,,,,,,,,,,,,,,,
XM-DAC-46007-500248,,3,2022-10-19,2592852.23,USD,2022-10-19,,,,,,,,,,,,,,,,,,
XM-DAC-46007-500248,,3,2025-02-05,2151744.8,USD,2025-02-05,,,,,,,,,,,,,,,,,,
XM-DAC-46007-500248,,3,2024-03-08,5000000,USD,2024-03-08,,,,,,,,,,,,,,,,,,
XM-DAC-46007-500248,,3,2021-04-29,2426240.3,USD,2021-04-29,,,,,,,,,,,,,,,,,,
XM-DAC-46007-500248,,3,2021-04-29,6945219.14,USD,2021-04-29,,,,,,,,,,,,,,,,,,
XM-DAC-46007-500248,,3,2024-04-17,247723.88,USD,2024-04-17,,,,,,,,,,,,,,,,,,
XM-DAC-46007-500248,,3,2019-10-22,2363596.61,USD,2019-10-22,,,,,,,,,,,,,,,,,,
XM-DAC-46007-500248,,3,2021-06-15,805183.4,USD,2021-06-15,,,,,,,,,,,,,,,,,,
XM-DAC-46007-500248,,3,2020-01-24,141796.2,USD,2020-01-24,,,,,,,,,,,,,,,,,,
XM-DAC-46007-500248,,3,2021-01-15,1056143.8,USD,2021-01-15,,,,,,,,,,,,,,,,,,
XM-DAC-46007-500248,,3,2020-10-14,312050.83,USD,2020-10-14,,,,,,,,,,,,,,,,,,
XM-DAC-46007-500248,,3,2019-11-18,1238375.8,USD,2019-11-18,,,,,,,,,,,,,,,,,,
XM-DAC-46007-500248,,3,2020-10-30,157908.02,USD,2020-10-30,,,,,,,,,,,,,,,,,,
XM-DAC-46007-500248,,3,2022-02-25,4000000,USD,2022-02-25,,,,,,,,,,,,,,,,,,
XM-DAC-46007-500240,,3,2024-07-18,4543964.18,USD,2024-07-18,,,,,,,,,,,,,,,,,,
XM-DAC-46007-500240,,3,2023-07-26,18776883.3,USD,2023-07-26,,,,,,,,,,,,,,,,,,
XM-DAC-46007-500240,,3,2025-01-21,2687180.14,USD,2025-01-21,,,,,,,,,,,,,,,,,,
XM-DAC-46007-500240,,3,2020-07-31,755567.45,USD,2020-07-31,,,,,,,,,,,,,,,,,,
XM-DAC-46007-500240,,3,2025-05-06,9432476.2,USD,2025-05-06,,,,,,,,,,,,,,,,,,
XM-DAC-46007-500240,,3,2025-06-04,2880204.18,USD,2025-06-04,,,,,,,,,,,,,,,,,,
XM-DAC-46007-500240,,3,2024-09-25,2290487.88,USD,2024-09-25,,,,,,,,,,,,,,,,,,
XM-DAC-46007-500240,,3,2024-11-14,2296096.64,USD,2024-11-14,,,,,,,,,,,,,,,,,,
XM-DAC-46007-500240,,3,2024-02-28,3193345.38,USD,2024-02-28,,,,,,,,,,,,,,,,,,
XM-DAC-46007-500240,,3,2024-04-30,1439498.27,USD,2024-04-30,,,,,,,,,,,,,,,,,,
XM-DAC-46007-500240,,3,2025-08-20,2321773.55,USD,2025-08-20,,,,,,,,,,,,,,,,,,
XM-DAC-46007-500240,,3,2025-10-24,1315387.47,USD,2025-10-24,,,,,,,,,,,,,,,,,,
XM-DAC-46007-500240,,3,2025-10-24,2190056.26,USD,2025-10-24,,,,,,,,,,,,,,,,,,
XM-DAC-46007-500218,,3,2020-10-27,10000000,USD,2020-10-27,,,,,,,,,,,,,,,,,,
XM-DAC-46007-500218,,3,2022-01-31,5393311.87,USD,2022-01-31,,,,,,,,,,,,,,,,,,
XM-DAC-46007-500218,,3,2024-01-12,6000000,USD,2024-01-12,,,,,,,,,,,,,,,,,,
XM-DAC-46007-500218,,3,2019-11-29,699087.18,USD,2019-11-29,,,,,,,,,,,,,,,,,,
XM-DAC-46007-500218,,3,2019-05-16,2187169.91,USD,2019-05-16,,,,,,,,,,,,,,,,,,
XM-DAC-46007-500218,,3,2025-02-05,10916390.35,USD,2025-02-05,,,,,,,,,,,,,,,,,,
XM-DAC-46007-500218,,3,2019-06-24,55658.24,USD,2019-06-24,,,,,,,,,,,,,,,,,,
XM-DAC-46007-500218,,3,2021-04-29,3700000,USD,2021-04-29,,,,,,,,,,,,,,,,,,
XM-DAC-46007-500218,,3,2020-01-27,10000000,USD,2020-01-27,,,,,,,,,,,,,,,,,,
XM-DAC-46007-500218,,3,2025-04-11,9000000,USD,2025-04-11,,,,,,,,,,,,,,,,,,
XM-DAC-46007-500218,,3,2022-02-17,341802.12,USD,2022-02-17,,,,,,,,,,,,,,,,,,
XM-DAC-46007-500218,,3,2019-06-27,106581.12,USD,2019-06-27,,,,,,,,,,,,,,,,,,
XM-DAC-46007-500218,,3,2019-11-29,658293.7,USD,2019-11-29,,,,,,,,,,,,,,,,,,
XM-DAC-46007-500218,,3,2019-04-30,2243748.5,USD,2019-04-30,,,,,,,,,,,,,,,,,,
XM-DAC-46007-500218,,3,2019-08-28,75930.02,USD,2019-08-28,,,,,,,,,,,,,,,,,,
XM-DAC-46007-500218,,3,2020-09-17,295566.5,USD,2020-09-17,,,,,,,,,,,,,,,,,,
XM-DAC-46007-500218,,3,2019-11-27,591133,USD,2019-11-27,,,,,,,,,,,,,,,,,,
XM-DAC-46007-500218,,3,2019-04-30,952380.95,USD,2019-04-30,,,,,,,,,,,,,,,,,,
XM-DAC-46007-500218,,3,2020-09-17,82720.31,USD,2020-09-17,,,,,,,,,,,,,,,,,,
XM-DAC-46007-500218,,3,2020-06-26,120078,USD,2020-06-26,,,,,,,,,,,,,,,,,,
XM-DAC-46007-500218,,3,2019-12-19,190044,USD,2019-12-19,,,,,,,,,,,,,,,,,,
XM-DAC-46007-500218,,3,2019-07-23,295566.5,USD,2019-07-23,,,,,,,,,,,,,,,,,,
XM-DAC-46007-500218,,3,2019-05-16,1206160.22,USD,2019-05-16,,,,,,,,,,,,,,,,,,
XM-DAC-46007-500218,,3,2019-11-27,430994.48,USD,2019-11-27,,,,,,,,,,,,,,,,,,
XM-DAC-46007-500218,,3,2022-11-22,5000000,USD,2022-11-22,,,,,,,,,,,,,,,,,,
XM-DAC-46007-500218,,3,2020-08-21,46023.97,USD,2020-08-21,,,,,,,,,,,,,,,,,,
XM-DAC-46007-500218,,3,2019-12-19,4444018.7,USD,2019-12-19,,,,,,,,,,,,,,,,,,
XM-DAC-46007-500218,,3,2019-11-08,492586.24,USD,2019-11-08,,,,,,,,,,,,,,,,,,
XM-DAC-46007-500218,,3,2020-09-24,11095.16,USD,2020-09-24,,,,,,,,,,,,,,,,,,
XM-DAC-46007-500218,,3,2019-06-27,2698809.2,USD,2019-06-27,,,,,,,,,,,,,,,,,,
XM-DAC-46007-500218,,3,2019-06-24,377889.6,USD,2019-06-24,,,,,,,,,,,,,,,,,,
XM-DAC-46007-500218,,3,2022-06-13,1871764,USD,2022-06-13,,,,,,,,,,,,,,,,,,
XM-DAC-46007-500218,,3,2022-02-25,5000000,USD,2022-02-25,,,,,,,,,,,,,,,,,,
XM-DAC-46007-500213,,3,2025-04-24,4000000,USD,2025-04-24,,,,,,,,,,,,,,,,,,
XM-DAC-46007-500213,,3,2025-09-25,4000000,USD,2025-09-25,,,,,,,,,,,,,,,,,,
XM-DAC-46007-500213,,3,2024-11-29,1100000,USD,2024-11-29,,,,,,,,,,,,,,,,,,
XM-DAC-46007-500213,,3,2021-04-28,1000000,USD,2021-04-28,,,,,,,,,,,,,,,,,,
XM-DAC-46007-500213,,3,2023-09-29,500000,USD,2023-09-29,,,,,,,,,,,,,,,,,,
XM-DAC-46007-500213,,3,2024-10-29,3000000,USD,2024-10-29,,,,,,,,,,,,,,,,,,
XM-DAC-46007-500213,,3,2022-03-10,1094091.9,USD,2022-03-10,,,,,,,,,,,,,,,,,,
XM-DAC-46007-500213,,3,2023-10-23,1400000,USD,2023-10-23,,,,,,,,,,,,,,,,,,
XM-DAC-46007-500213,,3,2024-08-21,1000000,USD,2024-08-21,,,,,,,,,,,,,,,,,,
XM-DAC-46007-500212,,3,2024-05-23,768966.99,USD,2024-05-23,,,,,,,,,,,,,,,,,,
XM-DAC-46007-500212,,3,2023-12-12,737766.24,USD,2023-12-12,,,,,,,,,,,,,,,,,,
XM-DAC-46007-500212,,3,2019-08-28,481803,USD,2019-08-28,,,,,,,,,,,,,,,,,,
XM-DAC-46007-500212,,3,2024-08-20,581112.28,USD,2024-08-20,,,,,,,,,,,,,,,,,,
XM-DAC-46007-500212,,3,2021-09-29,680016.5,USD,2021-09-29,,,,,,,,,,,,,,,,,,
XM-DAC-46007-500212,,3,2024-03-18,508211.64,USD,2024-03-18,,,,,,,,,,,,,,,,,,
XM-DAC-46007-500212,,3,2020-10-29,1751964.84,USD,2020-10-29,,,,,,,,,,,,,,,,,,
XM-DAC-46007-500212,,3,2020-02-18,828811.76,USD,2020-02-18,,,,,,,,,,,,,,,,,,
XM-DAC-46007-500212,,3,2023-01-18,935109.53,USD,2023-01-18,,,,,,,,,,,,,,,,,,
XM-DAC-46007-500212,,3,2023-10-20,703443.01,USD,2023-10-20,,,,,,,,,,,,,,,,,,
XM-DAC-46007-500212,,3,2019-01-31,76505.71,USD,2019-01-31,,,,,,,,,,,,,,,,,,
XM-DAC-46007-500212,,3,2021-03-30,1655549.99,USD,2021-03-30,,,,,,,,,,,,,,,,,,
XM-DAC-46007-500212,,3,2023-06-27,881707.28,USD,2023-06-27,,,,,,,,,,,,,,,,,,
XM-DAC-46007-500212,,3,2022-07-06,2029349.59,USD,2022-07-06,,,,,,,,,,,,,,,,,,
XM-DAC-46007-500212,,3,2018-11-15,34153.86,USD,2018-11-15,,,,,,,,,,,,,,,,,,
XM-DAC-46007-500208,,3,2024-07-15,13639182,USD,2024-07-15,,,,,,,,,,,,,,,,,,
XM-DAC-46007-500193,,3,2021-12-09,4306912.23,USD,2021-12-09,,,,,,,,,,,,,,,,,,
XM-DAC-46007-500193,,3,2018-10-16,936206.55,USD,2018-10-16,,,,,,,,,,,,,,,,,,
XM-DAC-46007-500193,,3,2019-02-28,6019187.13,USD,2019-02-28,,,,,,,,,,,,,,,,,,
XM-DAC-46007-500193,,3,2018-08-17,652728.9,USD,2018-08-17,,,,,,,,,,,,,,,,,,
XM-DAC-46007-500193,,3,2018-10-11,3000000,USD,2018-10-11,,,,,,,,,,,,,,,,,,
XM-DAC-46007-500193,,3,2018-09-21,1513181.91,USD,2018-09-21,,,,,,,,,,,,,,,,,,
XM-DAC-46007-500193,,3,2020-02-13,7000000,USD,2020-02-13,,,,,,,,,,,,,,,,,,
XM-DAC-46007-500193,,3,2018-03-20,230860.83,USD,2018-03-20,,,,,,,,,,,,,,,,,,
XM-DAC-46007-500193,,3,2024-07-26,3448568.51,USD,2024-07-26,,,,,,,,,,,,,,,,,,
XM-DAC-46007-500193,,3,2017-12-19,197587.47,USD,2017-12-19,,,,,,,,,,,,,,,,,,
XM-DAC-46007-500193,,3,2021-04-30,5525513.43,USD,2021-04-30,,,,,,,,,,,,,,,,,,
XM-DAC-46007-500193,,3,2023-10-23,3249188.68,USD,2023-10-23,,,,,,,,,,,,,,,,,,
XM-DAC-46007-500193,,3,2018-05-25,564802.43,USD,2018-05-25,,,,,,,,,,,,,,,,,,
XM-DAC-46007-500193,,3,2019-07-31,2470317.71,USD,2019-07-31,,,,,,,,,,,,,,,,,,
XM-DAC-46007-500193,,3,2025-06-04,632523.63,USD,2025-06-04,,,,,,,,,,,,,,,,,,
XM-DAC-46007-500193,,3,2018-12-21,1068353.37,USD,2018-12-21,,,,,,,,,,,,,,,,,,
XM-DAC-46007-500193,,3,2017-11-30,5271048.5,USD,2017-11-30,,,,,,,,,,,,,,,,,,
XM-DAC-46007-500193,,3,2020-07-31,7000000,USD,2020-07-31,,,,,,,,,,,,,,,,,,
XM-DAC-46007-500193,,3,2018-07-23,344551.4,USD,2018-07-23,,,,,,,,,,,,,,,,,,
XM-DAC-46007-500193,,3,2019-01-31,1330974.52,USD,2019-01-31,,,,,,,,,,,,,,,,,,
XM-DAC-46007-500193,,3,2021-03-18,4043480.1,USD,2021-03-18,,,,,,,,,,,,,,,,,,
XM-DAC-46007-500193,,3,2023-05-22,2206265.79,USD,2023-05-22,,,,,,,,,,,,,,,,,,
XM-DAC-46007-500193,,3,2018-11-30,1926151.56,USD,2018-11-30,,,,,,,,,,,,,,,,,,
XM-DAC-46007-500193,,3,2018-04-30,340137.13,USD,2018-04-30,,,,,,,,,,,,,,,,,,
XM-DAC-46007-500193,,3,2018-02-28,75141.75,USD,2018-02-28,,,,,,,,,,,,,,,,,,
XM-DAC-46007-500193,,3,2019-04-30,1120890.95,USD,2019-04-30,,,,,,,,,,,,,,,,,,
XM-DAC-46007-500192,,3,2021-08-16,17283217.14,USD,2021-08-16,,,,,,,,,,,,,,,,,,
XM-DAC-46007-500192,,3,2023-04-28,5260775.96,USD,2023-04-28,,,,,,,,,,,,,,,,,,
XM-DAC-46007-500189,,3,2025-07-17,159310.33,USD,2025-07-17,,,,,,,,,,,,,,,,,,
XM-DAC-46007-500189,,3,2024-08-26,21982542,USD,2024-08-26,,,,,,,,,,,,,,,,,,
XM-DAC-46007-500189,,3,2020-11-27,6400657,USD,2020-11-27,,,,,,,,,,,,,,,,,,
XM-DAC-46007-500189,,3,2021-04-27,27860056,USD,2021-04-27,,,,,,,,,,,,,,,,,,
XM-DAC-46007-500189,,3,2021-09-30,109415,USD,2021-09-30,,,,,,,,,,,,,,,,,,
XM-DAC-46007-500189,,3,2024-10-25,542903.88,USD,2024-10-25,,,,,,,,,,,,,,,,,,
XM-DAC-46007-500189,,3,2022-12-16,1371472.94,USD,2022-12-16,,,,,,,,,,,,,,,,,,
XM-DAC-46007-500189,,3,2020-12-22,714101,USD,2020-12-22,,,,,,,,,,,,,,,,,,
XM-DAC-46007-500189,,3,2023-10-23,310481.05,USD,2023-10-23,,,,,,,,,,,,,,,,,,
XM-DAC-46007-500179,,3,2020-11-17,3867175.8,USD,2020-11-17,,,,,,,,,,,,,,,,,,
XM-DAC-46007-500179,,3,2025-07-02,13084913.21,USD,2025-07-02,,,,,,,,,,,,,,,,,,
XM-DAC-46007-500179,,3,2021-08-17,4316078.76,USD,2021-08-17,,,,,,,,,,,,,,,,,,
XM-DAC-46007-500179,,3,2021-11-30,2439106.99,USD,2021-11-30,,,,,,,,,,,,,,,,,,
XM-DAC-46007-500179,,3,2019-11-12,7436487.56,USD,2019-11-12,,,,,,,,,,,,,,,,,,
XM-DAC-46007-500179,,3,2025-10-28,42300,USD,2025-10-28,,,,,,,,,,,,,,,,,,
XM-DAC-46007-500179,,3,2022-10-11,194626.38,USD,2022-10-11,,,,,,,,,,,,,,,,,,
XM-DAC-46007-500179,,3,2021-04-30,4117175.8,USD,2021-04-30,,,,,,,,,,,,,,,,,,
XM-DAC-46007-500035,,3,2023-08-24,8500000,USD,2023-08-24,,,,,,,,,,,,,,,,,,
XM-DAC-46007-500035,,3,2017-12-21,2625000,USD,2017-12-21,,,,,,,,,,,,,,,,,,
XM-DAC-46007-500035,,3,2022-07-20,9500000,USD,2022-07-20,,,,,,,,,,,,,,,,,,
XM-DAC-46007-500035,,3,2021-09-28,8500000,USD,2021-09-28,,,,,,,,,,,,,,,,,,
XM-DAC-46007-500022,,3,2025-10-31,6000000,USD,2025-10-31,,,,,,,,,,,,,,,,,,
XM-DAC-46007-500022,,3,2025-03-25,4000000,USD,2025-03-25,,,,,,,,,,,,,,,,,,
XM-DAC-46007-500022,,3,2019-04-30,1500000,USD,2019-04-30,,,,,,,,,,,,,,,,,,
XM-DAC-46007-500022,,3,2021-03-23,9467661.49,USD,2021-03-23,,,,,,,,,,,,,,,,,,
XM-DAC-46007-500022,,3,2025-04-11,12000000,USD,2025-04-11,,,,,,,,,,,,,,,,,,
XM-DAC-46007-500022,,3,2024-10-29,2500000,USD,2024-10-29,,,,,,,,,,,,,,,,,,
XM-DAC-46007-500022,,3,2025-08-27,8000000,USD,2025-08-27,,,,,,,,,,,,,,,,,,
XM-DAC-46007-500022,,3,2022-07-28,5886838,USD,2022-07-28,,,,,,,,,,,,,,,,,,
XM-DAC-46007-500022,,3,2025-07-28,6000000,USD,2025-07-28,,,,,,,,,,,,,,,,,,
XM-DAC-46007-500022,,3,2024-09-13,6000000,USD,2024-09-13,,,,,,,,,,,,,,,,,,
XM-DAC-46007-302457,,3,2018-10-12,3473733.82,USD,2018-10-12,,,,,,,,,,,,,,,,,,
XM-DAC-46007-302457,,3,2024-03-21,4179618.56,USD,2024-03-21,,,,,,,,,,,,,,,,,,
XM-DAC-46007-302457,,3,2023-06-20,2320801.37,USD,2023-06-20,,,,,,,,,,,,,,,,,,
XM-DAC-46007-302457,,3,2025-08-28,3500000,USD,2025-08-28,,,,,,,,,,,,,,,,,,
XM-DAC-46007-302443,,3,2025-02-27,11500000,USD,2025-02-27,,,,,,,,,,,,,,,,,,
XM-DAC-46007-302443,,3,2023-07-27,1000000,USD,2023-07-27,,,,,,,,,,,,,,,,,,
XM-DAC-46007-302443,,3,2024-06-24,6544912.34,USD,2024-06-24,,,,,,,,,,,,,,,,,,
XM-DAC-46007-302443,,3,2024-09-27,8540317.86,USD,2024-09-27,,,,,,,,,,,,,,,,,,
XM-DAC-46007-302443,,3,2025-06-30,9302269.8,USD,2025-06-30,,,,,,,,,,,,,,,,,,
XM-DAC-46007-302443,,3,2023-10-31,4000000,USD,2023-10-31,,,,,,,,,,,,,,,,,,
XM-DAC-46007-302443,,3,2024-03-15,4000000,USD,2024-03-15,,,,,,,,,,,,,,,,,,
XM-DAC-46007-302441,,3,2021-02-26,1154400.47,USD,2021-02-26,,,,,,,,,,,,,,,,,,
XM-DAC-46007-302441,,3,2025-08-07,88358.5,USD,2025-08-07,,,,,,,,,,,,,,,,,,
XM-DAC-46007-302441,,3,2020-06-24,54400,USD,2020-06-24,,,,,,,,,,,,,,,,,,
XM-DAC-46007-302441,,3,2025-03-13,1487137.98,USD,2025-03-13,,,,,,,,,,,,,,,,,,
XM-DAC-46007-302441,,3,2023-08-18,64000,USD,2023-08-18,,,,,,,,,,,,,,,,,,
XM-DAC-46007-302441,,3,2020-11-27,135399.96,USD,2020-11-27,,,,,,,,,,,,,,,,,,
XM-DAC-46007-302441,,3,2022-09-21,54400,USD,2022-09-21,,,,,,,,,,,,,,,,,,
XM-DAC-46007-302441,,3,2019-11-07,12007019.86,USD,2019-11-07,,,,,,,,,,,,,,,,,,
XM-DAC-46007-302441,,3,2021-02-26,54400,USD,2021-02-26,,,,,,,,,,,,,,,,,,
XM-DAC-46007-302441,,3,2025-02-14,820724.65,USD,2025-02-14,,,,,,,,,,,,,,,,,,
XM-DAC-46007-302441,,3,2022-02-22,698284.87,USD,2022-02-22,,,,,,,,,,,,,,,,,,
XM-DAC-46007-302441,,3,2021-08-30,1323106.26,USD,2021-08-30,,,,,,,,,,,,,,,,,,
XM-DAC-46007-302441,,3,2021-05-25,1899154.55,USD,2021-05-25,,,,,,,,,,,,,,,,,,
XM-DAC-46007-302441,,3,2023-11-15,214366.46,USD,2023-11-15,,,,,,,,,,,,,,,,,,
XM-DAC-46007-302441,,3,2020-03-18,261872.77,USD,2020-03-18,,,,,,,,,,,,,,,,,,
XM-DAC-46007-302441,,3,2025-09-29,449537.5,USD,2025-09-29,,,,,,,,,,,,,,,,,,
XM-DAC-46007-302441,,3,2021-01-29,54400,USD,2021-01-29,,,,,,,,,,,,,,,,,,
XM-DAC-46007-302441,,3,2023-06-22,2211889.46,USD,2023-06-22,,,,,,,,,,,,,,,,,,
XM-DAC-46007-302441,,3,2020-09-28,95877.17,USD,2020-09-28,,,,,,,,,,,,,,,,,,
XM-DAC-46007-302441,,3,2021-09-28,1868909,USD,2021-09-28,,,,,,,,,,,,,,,,,,
XM-DAC-46007-302441,,3,2025-06-13,139946,USD,2025-06-13,,,,,,,,,,,,,,,,,,
XM-DAC-46007-302441,,3,2023-06-27,536972.37,USD,2023-06-27,,,,,,,,,,,,,,,,,,
XM-DAC-46007-302441,,3,2020-06-24,366306.22,USD,2020-06-24,,,,,,,,,,,,,,,,,,
XM-DAC-46007-302441,,3,2021-07-23,1316535.86,USD,2021-07-23,,,,,,,,,,,,,,,,,,
XM-DAC-46007-302441,,3,2022-05-23,902844.94,USD,2022-05-23,,,,,,,,,,,,,,,,,,
XM-DAC-46007-302441,,3,2019-10-25,517000,USD,2019-10-25,,,,,,,,,,,,,,,,,,
XM-DAC-46007-302441,,3,2020-07-29,44219.09,USD,2020-07-29,,,,,,,,,,,,,,,,,,
XM-DAC-46007-302441,,3,2020-11-27,54400,USD,2020-11-27,,,,,,,,,,,,,,,,,,
XM-DAC-46007-302441,,3,2020-12-16,54400,USD,2020-12-16,,,,,,,,,,,,,,,,,,
XM-DAC-46007-302441,,3,2023-02-16,108800,USD,2023-02-16,,,,,,,,,,,,,,,,,,
XM-DAC-46007-302441,,3,2020-08-28,49916.76,USD,2020-08-28,,,,,,,,,,,,,,,,,,
XM-DAC-46007-302441,,3,2021-03-29,54400,USD,2021-03-29,,,,,,,,,,,,,,,,,,
XM-DAC-46007-302441,,3,2023-09-14,1733443.83,USD,2023-09-14,,,,,,,,,,,,,,,,,,
XM-DAC-46007-302441,,3,2020-12-16,19364.52,USD,2020-12-16,,,,,,,,,,,,,,,,,,
XM-DAC-46007-302441,,3,2021-04-29,2411700.03,USD,2021-04-29,,,,,,,,,,,,,,,,,,
XM-DAC-46007-302441,,3,2022-03-30,782659.6,USD,2022-03-30,,,,,,,,,,,,,,,,,,
XM-DAC-46007-302441,,3,2025-07-03,19702.15,USD,2025-07-03,,,,,,,,,,,,,,,,,,
XM-DAC-46007-302441,,3,2021-07-23,54400,USD,2021-07-23,,,,,,,,,,,,,,,,,,
XM-DAC-46007-302441,,3,2022-05-20,867045.86,USD,2022-05-20,,,,,,,,,,,,,,,,,,
XM-DAC-46007-302441,,3,2020-06-24,356111.2,USD,2020-06-24,,,,,,,,,,,,,,,,,,
XM-DAC-46007-302441,,3,2025-09-03,212930.06,USD,2025-09-03,,,,,,,,,,,,,,,,,,
XM-DAC-46007-302441,,3,2022-10-19,54400,USD,2022-10-19,,,,,,,,,,,,,,,,,,
XM-DAC-46007-302441,,3,2022-07-26,695083.16,USD,2022-07-26,,,,,,,,,,,,,,,,,,
XM-DAC-46007-302441,,3,2020-08-27,54400,USD,2020-08-27,,,,,,,,,,,,,,,,,,
XM-DAC-46007-302441,,3,2021-12-10,2689972.91,USD,2021-12-10,,,,,,,,,,,,,,,,,,
XM-DAC-46007-302441,,3,2022-01-25,856273.65,USD,2022-01-25,,,,,,,,,,,,,,,,,,
XM-DAC-46007-302441,,3,2020-06-24,163200,USD,2020-06-24,,,,,,,,,,,,,,,,,,
XM-DAC-46007-302441,,3,2023-10-20,2169519.68,USD,2023-10-20,,,,,,,,,,,,,,,,,,
XM-DAC-46007-302441,,3,2021-05-25,54400,USD,2021-05-25,,,,,,,,,,,,,,,,,,
XM-DAC-46007-302441,,3,2020-09-28,54400,USD,2020-09-28,,,,,,,,,,,,,,,,,,
XM-DAC-46007-302441,,3,2020-10-27,36609.9,USD,2020-10-27,,,,,,,,,,,,,,,,,,
XM-DAC-46007-302441,,3,2021-09-28,54400,USD,2021-09-28,,,,,,,,,,,,,,,,,,
XM-DAC-46007-302441,,3,2020-10-27,54400,USD,2020-10-27,,,,,,,,,,,,,,,,,,
XM-DAC-46007-302441,,3,2024-11-14,473060.01,USD,2024-11-14,,,,,,,,,,,,,,,,,,
XM-DAC-46007-302441,,3,2021-10-28,54400,USD,2021-10-28,,,,,,,,,,,,,,,,,,
XM-DAC-46007-302441,,3,2024-01-19,66935.63,USD,2024-01-19,,,,,,,,,,,,,,,,,,
XM-DAC-46007-302441,,3,2020-01-31,145205.83,USD,2020-01-31,,,,,,,,,,,,,,,,,,
XM-DAC-46007-302441,,3,2021-10-28,1578334.46,USD,2021-10-28,,,,,,,,,,,,,,,,,,
XM-DAC-46007-302441,,3,2021-06-25,54400,USD,2021-06-25,,,,,,,,,,,,,,,,,,
XM-DAC-46007-302441,,3,2021-06-25,1558983.77,USD,2021-06-25,,,,,,,,,,,,,,,,,,
XM-DAC-46007-302441,,3,2021-01-28,60820.49,USD,2021-01-28,,,,,,,,,,,,,,,,,,
XM-DAC-46007-302441,,3,2022-06-23,1313906.8,USD,2022-06-23,,,,,,,,,,,,,,,,,,
XM-DAC-46007-302441,,3,2023-01-18,108800,USD,2023-01-18,,,,,,,,,,,,,,,,,,
XM-DAC-46007-302441,,3,2020-07-29,54400,USD,2020-07-29,,,,,,,,,,,,,,,,,,
XM-DAC-46007-302441,,3,2021-04-29,54400,USD,2021-04-29,,,,,,,,,,,,,,,,,,
XM-DAC-46007-302441,,3,2022-08-18,54400,USD,2022-08-18,,,,,,,,,,,,,,,,,,
XM-DAC-46007-302441,,3,2021-03-29,2160304.56,USD,2021-03-29,,,,,,,,,,,,,,,,,,
XM-DAC-46007-302441,,3,2025-04-11,45828.04,USD,2025-04-11,,,,,,,,,,,,,,,,,,
XM-DAC-46007-302441,,3,2021-08-30,54400,USD,2021-08-30,,,,,,,,,,,,,,,,,,
XM-DAC-46007-302411,,3,2019-03-26,63918.63,USD,2019-03-26,,,,,,,,,,,,,,,,,,
XM-DAC-46007-302411,,3,2019-05-20,505925.93,USD,2019-05-20,,,,,,,,,,,,,,,,,,
XM-DAC-46007-302411,,3,2018-11-08,105136.33,USD,2018-11-08,,,,,,,,,,,,,,,,,,
XM-DAC-46007-302411,,3,2022-04-22,1669677.03,USD,2022-04-22,,,,,,,,,,,,,,,,,,
XM-DAC-46007-302411,,3,2018-12-12,11252.01,USD,2018-12-12,,,,,,,,,,,,,,,,,,
XM-DAC-46007-302411,,3,2017-01-27,42930.34,USD,2017-01-27,,,,,,,,,,,,,,,,,,
XM-DAC-46007-302411,,3,2023-04-24,3300000,USD,2023-04-24,,,,,,,,,,,,,,,,,,
XM-DAC-46007-302411,,3,2019-07-29,1000000,USD,2019-07-29,,,,,,,,,,,,,,,,,,
XM-DAC-46007-302411,,3,2021-12-09,2100000,USD,2021-12-09,,,,,,,,,,,,,,,,,,
XM-DAC-46007-302411,,3,2020-12-14,230228.35,USD,2020-12-14,,,,,,,,,,,,,,,,,,
XM-DAC-46007-302411,,3,2023-11-21,4200000,USD,2023-11-21,,,,,,,,,,,,,,,,,,
XM-DAC-46007-302411,,3,2018-05-29,133552.49,USD,2018-05-29,,,,,,,,,,,,,,,,,,
XM-DAC-46007-302411,,3,2024-04-23,3015749.31,USD,2024-04-23,,,,,,,,,,,,,,,,,,
XM-DAC-46007-302411,,3,2022-09-20,1820000,USD,2022-09-20,,,,,,,,,,,,,,,,,,
XM-DAC-46007-302411,,3,2019-12-19,819043.2,USD,2019-12-19,,,,,,,,,,,,,,,,,,
XM-DAC-46007-302411,,3,2020-04-20,289275.1,USD,2020-04-20,,,,,,,,,,,,,,,,,,
XM-DAC-46007-302411,,3,2018-12-18,48321.61,USD,2018-12-18,,,,,,,,,,,,,,,,,,
XM-DAC-46007-302411,,3,2018-08-31,254074.47,USD,2018-08-31,,,,,,,,,,,,,,,,,,
XM-DAC-46007-302411,,3,2018-12-18,890784.65,USD,2018-12-18,,,,,,,,,,,,,,,,,,
XM-DAC-46007-302411,,3,2021-02-18,961197.4,USD,2021-02-18,,,,,,,,,,,,,,,,,,
XM-DAC-46007-302411,,3,2021-07-27,4123690.63,USD,2021-07-27,,,,,,,,,,,,,,,,,,
XM-DAC-46007-302411,,3,2018-12-18,84589.01,USD,2018-12-18,,,,,,,,,,,,,,,,,,
XM-DAC-46007-302411,,3,2018-12-18,31141.6,USD,2018-12-18,,,,,,,,,,,,,,,,,,
XM-DAC-46007-302411,,3,2018-10-25,365252.62,USD,2018-10-25,,,,,,,,,,,,,,,,,,
XM-DAC-46007-302411,,3,2018-10-19,25910.53,USD,2018-10-19,,,,,,,,,,,,,,,,,,
XM-DAC-46007-302411,,3,2018-05-07,667549.85,USD,2018-05-07,,,,,,,,,,,,,,,,,,
XM-DAC-46007-302411,,3,2019-10-29,751176.06,USD,2019-10-29,,,,,,,,,,,,,,,,,,
XM-DAC-46007-302411,,3,2025-05-21,793574.66,USD,2025-05-21,,,,,,,,,,,,,,,,,,
XM-DAC-46007-302411,,3,2022-11-23,1300000,USD,2022-11-23,,,,,,,,,,,,,,,,,,
XM-DAC-46007-302411,,3,2019-09-27,104238.48,USD,2019-09-27,,,,,,,,,,,,,,,,,,
XM-DAC-46007-302411,,3,2018-08-27,26820.72,USD,2018-08-27,,,,,,,,,,,,,,,,,,
XM-DAC-46007-302411,,3,2018-03-26,167791.04,USD,2018-03-26,,,,,,,,,,,,,,,,,,
XM-DAC-46007-302349,,3,2020-10-27,874870.05,USD,2020-10-27,,,,,,,,,,,,,,,,,,
XM-DAC-46007-302349,,3,2024-02-28,6053097.35,USD,2024-02-28,,,,,,,,,,,,,,,,,,
XM-DAC-46007-302349,,3,2018-10-26,9764487.58,USD,2018-10-26,,,,,,,,,,,,,,,,,,
XM-DAC-46007-302349,,3,2019-05-29,1238144.45,USD,2019-05-29,,,,,,,,,,,,,,,,,,
XM-DAC-46007-302349,,3,2017-09-29,1429223.98,USD,2017-09-29,,,,,,,,,,,,,,,,,,
XM-DAC-46007-302349,,3,2018-05-25,1464943.5,USD,2018-05-25,,,,,,,,,,,,,,,,,,
XM-DAC-46007-302349,,3,2018-01-12,2346245.99,USD,2018-01-12,,,,,,,,,,,,,,,,,,
XM-DAC-46007-302349,,3,2018-01-12,17249393.17,USD,2018-01-12,,,,,,,,,,,,,,,,,,
XM-DAC-46007-302349,,3,2025-07-15,3765783.8,USD,2025-07-15,,,,,,,,,,,,,,,,,,
XM-DAC-46007-302349,,3,2017-06-29,619160.35,USD,2017-06-29,,,,,,,,,,,,,,,,,,
XM-DAC-46007-302349,,3,2019-05-29,9524188.07,USD,2019-05-29,,,,,,,,,,,,,,,,,,
XM-DAC-46007-302349,,3,2019-11-27,1476857.58,USD,2019-11-27,,,,,,,,,,,,,,,,,,
XM-DAC-46007-302349,,3,2021-10-29,1725663.72,USD,2021-10-29,,,,,,,,,,,,,,,,,,
XM-DAC-46007-302349,,3,2025-07-15,633793.49,USD,2025-07-15,,,,,,,,,,,,,,,,,,
XM-DAC-46007-302349,,3,2024-02-28,786902.65,USD,2024-02-28,,,,,,,,,,,,,,,,,,
XM-DAC-46007-302349,,3,2018-10-26,1269383.37,USD,2018-10-26,,,,,,,,,,,,,,,,,,
XM-DAC-46007-302349,,3,2018-05-25,10262903.89,USD,2018-05-25,,,,,,,,,,,,,,,,,,
XM-DAC-46007-302349,,3,2019-02-27,2041372.74,USD,2019-02-27,,,,,,,,,,,,,,,,,,
XM-DAC-46007-302349,,3,2024-07-26,8849557.52,USD,2024-07-26,,,,,,,,,,,,,,,,,,
XM-DAC-46007-302349,,3,2024-07-26,1150442.48,USD,2024-07-26,,,,,,,,,,,,,,,,,,
XM-DAC-46007-302349,,3,2020-10-27,6729769.61,USD,2020-10-27,,,,,,,,,,,,,,,,,,
XM-DAC-46007-302349,,3,2017-06-29,205725.4,USD,2017-06-29,,,,,,,,,,,,,,,,,,
XM-DAC-46007-302349,,3,2021-10-29,13274336.28,USD,2021-10-29,,,,,,,,,,,,,,,,,,
XM-DAC-46007-302349,,3,2019-11-27,11360442.94,USD,2019-11-27,,,,,,,,,,,,,,,,,,
XM-DAC-46007-302349,,3,2019-02-27,15702867.3,USD,2019-02-27,,,,,,,,,,,,,,,,,,
XM-DAC-46007-302349,,3,2017-09-29,10941734.82,USD,2017-09-29,,,,,,,,,,,,,,,,,,
XM-DAC-46007-302302,,3,2024-03-21,1910000,USD,2024-03-21,,,,,,,,,,,,,,,,,,
XM-DAC-46007-302302,,3,2025-03-25,2800000,USD,2025-03-25,,,,,,,,,,,,,,,,,,
XM-DAC-46007-302302,,3,2022-02-16,3000000,USD,2022-02-16,,,,,,,,,,,,,,,,,,
XM-DAC-46007-302302,,3,2019-10-25,5000000,USD,2019-10-25,,,,,,,,,,,,,,,,,,
XM-DAC-46007-302302,,3,2017-10-31,3000000,USD,2017-10-31,,,,,,,,,,,,,,,,,,
XM-DAC-46007-302302,,3,2023-11-28,2800000,USD,2023-11-28,,,,,,,,,,,,,,,,,,
XM-DAC-46007-302302,,3,2023-07-26,1000000,USD,2023-07-26,,,,,,,,,,,,,,,,,,
XM-DAC-46007-302302,,3,2025-06-25,9000000,USD,2025-06-25,,,,,,,,,,,,,,,,,,
XM-DAC-46007-302302,,3,2024-08-21,1290000,USD,2024-08-21,,,,,,,,,,,,,,,,,,
XM-DAC-46007-302302,,3,2025-09-25,10200000,USD,2025-09-25,,,,,,,,,,,,,,,,,,
XM-DAC-46007-302302,,3,2024-10-30,7800000,USD,2024-10-30,,,,,,,,,,,,,,,,,,
XM-DAC-46007-302302,,3,2016-08-12,200000,USD,2016-08-12,,,,,,,,,,,,,,,,,,
XM-DAC-46007-302270,,3,2019-11-15,3500000,USD,2019-11-15,,,,,,,,,,,,,,,,,,
XM-DAC-46007-302270,,3,2017-08-03,9879103.15,USD,2017-08-03,,,,,,,,,,,,,,,,,,
XM-DAC-46007-302270,,3,2022-06-29,3153619.72,USD,2022-06-29,,,,,,,,,,,,,,,,,,
XM-DAC-46007-302270,,3,2013-11-29,1231710,USD,2013-11-29,,,,,,,,,,,,,,,,,,
XM-DAC-46007-302270,,3,2020-04-30,6700000,USD,2020-04-30,,,,,,,,,,,,,,,,,,
XM-DAC-46007-302270,,3,2021-10-28,7005137.66,USD,2021-10-28,,,,,,,,,,,,,,,,,,
XM-DAC-46007-302270,,3,2019-05-20,6318426.87,USD,2019-05-20,,,,,,,,,,,,,,,,,,
XM-DAC-46007-302253,,3,2016-03-18,2108092.22,USD,2016-03-18,,,,,,,,,,,,,,,,,,
XM-DAC-46007-302253,,3,2017-01-19,4823444.12,USD,2017-01-19,,,,,,,,,,,,,,,,,,
XM-DAC-46007-302253,,3,2018-07-27,3243926.07,USD,2018-07-27,,,,,,,,,,,,,,,,,,
XM-DAC-46007-302253,,3,2018-05-04,4072810.11,USD,2018-05-04,,,,,,,,,,,,,,,,,,
XM-DAC-46007-302253,,3,2016-08-18,2763878.14,USD,2016-08-18,,,,,,,,,,,,,,,,,,
XM-DAC-46007-302253,,3,2017-11-29,2529016.54,USD,2017-11-29,,,,,,,,,,,,,,,,,,
XM-DAC-46007-302253,,3,2019-04-29,2841369.49,USD,2019-04-29,,,,,,,,,,,,,,,,,,
XM-DAC-46007-302253,,3,2018-11-26,3633478.62,USD,2018-11-26,,,,,,,,,,,,,,,,,,
XM-DAC-46007-302253,,3,2019-11-29,2631016.63,USD,2019-11-29,,,,,,,,,,,,,,,,,,
XM-DAC-46007-302253,,3,2017-08-30,2969292.1,USD,2017-08-30,,,,,,,,,,,,,,,,,,
XM-DAC-46007-302253,,3,2018-03-21,3147256.81,USD,2018-03-21,,,,,,,,,,,,,,,,,,
XM-DAC-46007-302253,,3,2024-11-22,4108615.94,USD,2024-11-22,,,,,,,,,,,,,,,,,,
XM-DAC-46007-302253,,3,2025-08-29,11638371.16,USD,2025-08-29,,,,,,,,,,,,,,,,,,
XM-DAC-46007-302253,,3,2017-05-25,2478515.91,USD,2017-05-25,,,,,,,,,,,,,,,,,,
XM-DAC-46007-302253,,3,2018-09-20,2838751.43,USD,2018-09-20,,,,,,,,,,,,,,,,,,
XM-DAC-46007-302253,,3,2016-10-27,4174817.75,USD,2016-10-27,,,,,,,,,,,,,,,,,,
XM-DAC-46007-302253,,3,2015-11-27,2416775.79,USD,2015-11-27,,,,,,,,,,,,,,,,,,
XM-DAC-46007-302253,,3,2015-08-28,5000000,USD,2015-08-28,,,,,,,,,,,,,,,,,,
XM-DAC-46007-302253,,3,2016-05-31,3580571.17,USD,2016-05-31,,,,,,,,,,,,,,,,,,
XM-DAC-46007-301839,,3,2013-10-25,4973609.9,USD,2013-10-25,,,,,,,,,,,,,,,,,,
XM-DAC-46007-301839,,3,2013-08-23,155710.74,USD,2013-08-23,,,,,,,,,,,,,,,,,,
XM-DAC-46007-301839,,3,2022-02-28,1264943.95,USD,2022-02-28,,,,,,,,,,,,,,,,,,
XM-DAC-46007-301839,,3,2011-06-15,146710.38,USD,2011-06-15,,,,,,,,,,,,,,,,,,
XM-DAC-46007-301839,,3,2010-12-23,11572903.22,USD,2010-12-23,,,,,,,,,,,,,,,,,,
XM-DAC-46007-301839,,3,2012-07-27,141981.56,USD,2012-07-27,,,,,,,,,,,,,,,,,,
XM-DAC-46007-301839,,3,2017-02-03,707833.11,USD,2017-02-03,,,,,,,,,,,,,,,,,,
XM-DAC-46007-301839,,3,2011-04-25,6985075.36,USD,2011-04-25,,,,,,,,,,,,,,,,,,
XM-DAC-46007-301839,,3,2012-09-11,4891486.71,USD,2012-09-11,,,,,,,,,,,,,,,,,,
XM-DAC-46007-301839,,3,2012-12-18,143015.98,USD,2012-12-18,,,,,,,,,,,,,,,,,,
XM-DAC-46007-301839,,3,2012-09-11,141125.58,USD,2012-09-11,,,,,,,,,,,,,,,,,,
XM-DAC-46007-301839,,3,2012-11-13,143423.82,USD,2012-11-13,,,,,,,,,,,,,,,,,,
XM-DAC-46007-301839,,3,2013-03-26,271071.39,USD,2013-03-26,,,,,,,,,,,,,,,,,,
XM-DAC-46007-301839,,3,2012-09-11,201686.88,USD,2012-09-11,,,,,,,,,,,,,,,,,,
XM-DAC-46007-301839,,3,2010-12-23,351078.2,USD,2010-12-23,,,,,,,,,,,,,,,,,,
XM-DAC-46007-301839,,3,2013-08-23,157542.25,USD,2013-08-23,,,,,,,,,,,,,,,,,,
XM-DAC-46007-301839,,3,2013-03-26,216720.75,USD,2013-03-26,,,,,,,,,,,,,,,,,,
XM-DAC-46007-301839,,3,2011-04-25,292287.4,USD,2011-04-25,,,,,,,,,,,,,,,,,,
XM-DAC-46007-301839,,3,2012-11-13,71935.58,USD,2012-11-13,,,,,,,,,,,,,,,,,,
XM-DAC-46007-301839,,3,2013-06-25,4428621.07,USD,2013-06-25,,,,,,,,,,,,,,,,,,
XM-DAC-46007-301839,,3,2012-12-18,141230.3,USD,2012-12-18,,,,,,,,,,,,,,,,,,
XM-DAC-46007-301839,,3,2012-11-13,67486.49,USD,2012-11-13,,,,,,,,,,,,,,,,,,
XM-DAC-46007-301839,,3,2011-06-15,143784.28,USD,2011-06-15,,,,,,,,,,,,,,,,,,
XM-DAC-46007-301839,,3,2012-04-30,340870.37,USD,2012-04-30,,,,,,,,,,,,,,,,,,
XM-DAC-46007-301839,,3,2012-09-11,142609.02,USD,2012-09-11,,,,,,,,,,,,,,,,,,
XM-DAC-46007-301839,,3,2011-04-25,292740.48,USD,2011-04-25,,,,,,,,,,,,,,,,,,
XM-DAC-46007-301839,,3,2012-11-13,141633.04,USD,2012-11-13,,,,,,,,,,,,,,,,,,
XM-DAC-46007-301839,,3,2012-04-30,415309.86,USD,2012-04-30,,,,,,,,,,,,,,,,,,
XM-DAC-46007-301839,,3,2012-11-13,3942438.62,USD,2012-11-13,,,,,,,,,,,,,,,,,,
XM-DAC-46007-301839,,3,2012-09-11,214983.21,USD,2012-09-11,,,,,,,,,,,,,,,,,,
XM-DAC-46007-301839,,3,2014-08-28,3997774.78,USD,2014-08-28,,,,,,,,,,,,,,,,,,
XM-DAC-46007-301839,,3,2012-04-30,408849.13,USD,2012-04-30,,,,,,,,,,,,,,,,,,
XM-DAC-46007-301839,,3,2012-04-27,11449569.91,USD,2012-04-27,,,,,,,,,,,,,,,,,,
XM-DAC-46007-301839,,3,2012-12-18,4968125.12,USD,2012-12-18,,,,,,,,,,,,,,,,,,
XM-DAC-46007-301839,,3,2013-12-13,4690525.04,USD,2013-12-13,,,,,,,,,,,,,,,,,,
XM-DAC-46007-301839,,3,2013-08-23,144215.04,USD,2013-08-23,,,,,,,,,,,,,,,,,,
XM-DAC-46007-301839,,3,2010-08-11,2936191.03,USD,2010-08-11,,,,,,,,,,,,,,,,,,
XM-DAC-46007-301839,,3,2011-10-31,356324,USD,2011-10-31,,,,,,,,,,,,,,,,,,
XM-DAC-46007-301839,,3,2020-10-30,717018.48,USD,2020-10-30,,,,,,,,,,,,,,,,,,
XM-DAC-46007-301839,,3,2012-07-27,7068803.81,USD,2012-07-27,,,,,,,,,,,,,,,,,,
XM-DAC-46007-301839,,3,2018-12-14,1888007.16,USD,2018-12-14,,,,,,,,,,,,,,,,,,
XM-DAC-46007-301839,,3,2009-11-27,39923470.9,USD,2009-11-27,,,,,,,,,,,,,,,,,,
XM-DAC-46007-301839,,3,2014-10-24,7754040.76,USD,2014-10-24,,,,,,,,,,,,,,,,,,
XM-DAC-46007-301839,,3,2012-12-18,143462.06,USD,2012-12-18,,,,,,,,,,,,,,,,,,
XM-DAC-46007-301839,,3,2025-11-18,14065202.1,USD,2025-11-18,,,,,,,,,,,,,,,,,,
XM-DAC-46007-301839,,3,2012-12-18,134589.18,USD,2012-12-18,,,,,,,,,,,,,,,,,,
XM-DAC-46007-301839,,3,2011-06-15,146254.22,USD,2011-06-15,,,,,,,,,,,,,,,,,,
XM-DAC-46007-301839,,3,2011-06-15,6287311.28,USD,2011-06-15,,,,,,,,,,,,,,,,,,
XM-DAC-46007-301839,,3,2013-03-26,216046.89,USD,2013-03-26,,,,,,,,,,,,,,,,,,
XM-DAC-46007-301839,,3,2012-07-27,67652.56,USD,2012-07-27,,,,,,,,,,,,,,,,,,
XM-DAC-46007-301839,,3,2011-04-25,288898.2,USD,2011-04-25,,,,,,,,,,,,,,,,,,
XM-DAC-46007-301839,,3,2012-07-27,143776.74,USD,2012-07-27,,,,,,,,,,,,,,,,,,
XM-DAC-46007-301839,,3,2011-10-31,536525.84,USD,2011-10-31,,,,,,,,,,,,,,,,,,
XM-DAC-46007-301839,,3,2011-10-31,285948.32,USD,2011-10-31,,,,,,,,,,,,,,,,,,
XM-DAC-46007-301839,,3,2011-10-31,281500,USD,2011-10-31,,,,,,,,,,,,,,,,,,
XM-DAC-46007-301839,,3,2016-10-28,3235875.42,USD,2016-10-28,,,,,,,,,,,,,,,,,,
XM-DAC-46007-301839,,3,2010-10-29,5099647.95,USD,2010-10-29,,,,,,,,,,,,,,,,,,
XM-DAC-46007-301839,,3,2012-04-30,527299.91,USD,2012-04-30,,,,,,,,,,,,,,,,,,
XM-DAC-46007-301839,,3,2012-07-27,144225.18,USD,2012-07-27,,,,,,,,,,,,,,,,,,
XM-DAC-46007-301839,,3,2013-03-26,7311482.86,USD,2013-03-26,,,,,,,,,,,,,,,,,,
XM-DAC-46007-301839,,3,2013-07-23,122438.32,USD,2013-07-23,,,,,,,,,,,,,,,,,,
XM-DAC-46007-301839,,3,2011-10-31,21218212.99,USD,2011-10-31,,,,,,,,,,,,,,,,,,
XM-DAC-46007-301839,,3,2013-08-23,6463208.61,USD,2013-08-23,,,,,,,,,,,,,,,,,,
XM-DAC-46007-301839,,3,2019-04-10,1361556.03,USD,2019-04-10,,,,,,,,,,,,,,,,,,
XM-DAC-46007-301839,,3,2010-12-23,277441.56,USD,2010-12-23,,,,,,,,,,,,,,,,,,
XM-DAC-46007-301839,,3,2013-03-26,213349.35,USD,2013-03-26,,,,,,,,,,,,,,,,,,
XM-DAC-46007-301839,,3,2010-12-23,542243.97,USD,2010-12-23,,,,,,,,,,,,,,,,,,
XM-DAC-46007-301839,,3,2013-08-23,118666.16,USD,2013-08-23,,,,,,,,,,,,,,,,,,
XM-DAC-46007-501247,,2,2025-09-23,13200000,USD,2025-09-23,,,,,,,,,,,,,,,,,,
XM-DAC-46007-500459,,2,2019-10-30,109000000,USD,2019-10-30,,,,,,,,,,,,,,,,,,
XM-DAC-46007-302411,,2,2014-06-25,30000000,USD,2014-06-25,,,,,,,,,,,,,,,,,,
XM-DAC-46007-500626,,2,2020-11-24,143000000,USD,2020-11-24,,,,,,,,,,,,,,,,,,
XM-DAC-46007-500636,,2,2022-03-29,170000000,USD,2022-03-29,,,,,,,,,,,,,,,,,,
XM-DAC-46007-500270,,2,2018-12-13,79000000,USD,2018-12-13,,,,,,,,,,,,,,,,,,
XM-DAC-46007-500422,,2,2019-03-26,333874540,USD,2019-03-26,,,,,,,,,,,,,,,,,,
XM-DAC-46007-500346,,2,2018-11-27,25260000,USD,2018-11-27,,,,,,,,,,,,,,,,,,
XM-DAC-46007-500248,,2,2017-04-24,86500000,USD,2017-04-24,,,,,,,,,,,,,,,,,,
XM-DAC-46007-500429,,2,2019-07-31,251470000,USD,2019-07-31,,,,,,,,,,,,,,,,,,
XM-DAC-46007-500258,,2,2018-03-19,32000000,USD,2018-03-19,,,,,,,,,,,,,,,,,,
XM-DAC-46007-302441,,2,2014-08-25,52971592,USD,2014-08-25,,,,,,,,,,,,,,,,,,
XM-DAC-46007-500192,,2,2016-12-14,30000000,USD,2016-12-14,,,,,,,,,,,,,,,,,,
XM-DAC-46007-302253,,2,2012-09-26,71000000,USD,2012-09-26,,,,,,,,,,,,,,,,,,
XM-DAC-46007-500864,,2,2022-11-01,25000000,USD,2022-11-01,,,,,,,,,,,,,,,,,,
XM-DAC-46007-500218,,2,2016-09-28,163500000,USD,2016-09-28,,,,,,,,,,,,,,,,,,
XM-DAC-46007-302443,,2,2014-09-30,44887500,USD,2014-09-30,,,,,,,,,,,,,,,,,,
XM-DAC-46007-500705,,2,2021-05-25,50000000,USD,2021-05-25,,,,,,,,,,,,,,,,,,
XM-DAC-46007-500208,,2,2016-10-26,100000000,USD,2016-10-26,,,,,,,,,,,,,,,,,,
XM-DAC-46007-500193,,2,2016-07-26,70450000,USD,2016-07-26,,,,,,,,,,,,,,,,,,
XM-DAC-46007-500271,,2,2017-07-26,70000000,USD,2017-07-26,,,,,,,,,,,,,,,,,,
XM-DAC-46007-501220,,2,2025-06-24,75000000,USD,2025-06-24,,,,,,,,,,,,,,,,,,
XM-DAC-46007-500240,,2,2017-01-24,105470000,USD,2017-01-24,,,,,,,,,,,,,,,,,,
XM-DAC-46007-500426,,2,2019-04-24,67000000,USD,2019-04-24,,,,,,,,,,,,,,,,,,
XM-DAC-46007-500436,,2,2019-10-30,371300000,USD,2019-10-30,,,,,,,,,,,,,,,,,,
XM-DAC-46007-302270,,2,2012-08-29,52032754,USD,2012-08-29,,,,,,,,,,,,,,,,,,
XM-DAC-46007-500267,,2,2017-04-24,55080000,USD,2017-04-24,,,,,,,,,,,,,,,,,,
XM-DAC-46007-500860,,2,2022-09-12,39304000,USD,2022-09-12,,,,,,,,,,,,,,,,,,
XM-DAC-46007-500437,,2,2019-12-10,90055000,USD,2019-12-10,,,,,,,,,,,,,,,,,,
XM-DAC-46007-301839,,2,2008-12-16,203000000,USD,2008-12-16,,,,,,,,,,,,,,,,,,
XM-DAC-46007-500791,,2,2021-11-23,60000000,USD,2021-11-23,,,,,,,,,,,,,,,,,,
XM-DAC-46007-500701,,2,2021-04-27,100000000,USD,2021-04-27,,,,,,,,,,,,,,,,,,
XM-DAC-46007-500749,,2,2021-12-13,382580372.14,USD,2021-12-13,,,,,,,,,,,,,,,,,,
XM-DAC-46007-302349,,2,2013-06-26,3967307.92,USD,2013-06-26,,,,,,,,,,,,,,,,,,
XM-DAC-46007-500022,,2,2015-08-25,154562390.29,USD,2015-08-25,,,,,,,,,,,,,,,,,,
XM-DAC-46007-500213,,2,2016-10-26,23600000,USD,2016-10-26,,,,,,,,,,,,,,,,,,
XM-DAC-46007-500537,,2,2020-05-07,27206250,USD,2020-05-07,,,,,,,,,,,,,,,,,,
XM-DAC-46007-500189,,2,2016-07-26,175000000,USD,2016-07-26,,,,,,,,,,,,,,,,,,
XM-DAC-46007-501114,,2,2024-05-07,96300000,USD,2024-05-07,,,,,,,,,,,,,,,,,,
XM-DAC-46007-500270,,2,2018-12-13,114200000,USD,2018-12-13,,,,,,,,,,,,,,,,,,
XM-DAC-46007-500995,,2,2023-09-05,300000,USD,2023-09-05,,,,,,,,,,,,,,,,,,
XM-DAC-46007-500646,,2,2021-06-29,44349270,USD,2021-06-29,,,,,,,,,,,,,,,,,,
XM-DAC-46007-500436,,2,2019-10-30,178700000,USD,2019-10-30,,,,,,,,,,,,,,,,,,
XM-DAC-46007-302457,,2,2014-09-30,30000000,USD,2014-09-30,,,,,,,,,,,,,,,,,,
XM-DAC-46007-500338,,2,2018-07-24,425000000,USD,2018-07-24,,,,,,,,,,,,,,,,,,
XM-DAC-46007-500212,,2,2016-10-26,15000000,USD,2016-10-26,,,,,,,,,,,,,,,,,,
XM-DAC-46007-501108,,2,2024-10-29,500000000,USD,2024-10-29,,,,,,,,,,,,,,,,,,
XM-DAC-46007-500213,,2,2016-10-26,140520000,USD,2016-10-26,,,,,,,,,,,,,,,,,,
XM-DAC-46007-500834,,2,2022-04-26,24000000,USD,2022-04-26,,,,,,,,,,,,,,,,,,
XM-DAC-46007-500744,,2,2022-08-16,40000000,USD,2022-08-16,,,,,,,,,,,,,,,,,,
XM-DAC-46007-500537,,2,2020-05-07,35350000,USD,2020-05-07,,,,,,,,,,,,,,,,,,
XM-DAC-46007-501128,,2,2024-07-23,80000000,USD,2024-07-23,,,,,,,,,,,,,,,,,,
XM-DAC-46007-500446,,2,2019-09-04,29295600,USD,2019-09-04,,,,,,,,,,,,,,,,,,
XM-DAC-46007-501148,,2,2024-09-24,230000000,USD,2024-09-24,,,,,,,,,,,,,,,,,,
XM-DAC-46007-501187,,2,2025-04-27,250000000,USD,2025-04-27,,,,,,,,,,,,,,,,,,
XM-DAC-46007-500627,,2,2021-03-23,40100000,USD,2021-03-23,,,,,,,,,,,,,,,,,,
XM-DAC-46007-302302,,2,2013-09-24,130000000,USD,2013-09-24,,,,,,,,,,,,,,,,,,
XM-DAC-46007-501079,,2,2023-11-16,25000000,USD,2023-11-16,,,,,,,,,,,,,,,,,,
XM-DAC-46007-302349,,2,2013-06-26,124097722.68,USD,2013-06-26,,,,,,,,,,,,,,,,,,
XM-DAC-46007-500507,,2,2020-04-01,118829800,USD,2020-04-01,,,,,,,,,,,,,,,,,,
XM-DAC-46007-500537,,2,2020-05-07,49843750,USD,2020-05-07,,,,,,,,,,,,,,,,,,
XM-DAC-46007-500189,,2,2016-07-26,20000000,USD,2016-07-26,,,,,,,,,,,,,,,,,,
XM-DAC-46007-501162,,2,2025-02-25,565000000,USD,2025-02-25,,,,,,,,,,,,,,,,,,
XM-DAC-46007-500901,,2,2022-12-14,66684844,USD,2022-12-14,,,,,,,,,,,,,,,,,,
XM-DAC-46007-500995,,2,2023-09-05,54496155.86,USD,2023-09-05,,,,,,,,,,,,,,,,,,
XM-DAC-46007-500646,,2,2021-06-29,107100000,USD,2021-06-29,,,,,,,,,,,,,,,,,,
XM-DAC-46007-500569,,2,2015-03-24,11727217.21,USD,2015-03-24,,,,,,,,,,,,,,,,,,
XM-DAC-46007-500316,,2,2017-11-28,238000000,USD,2017-11-28,,,,,,,,,,,,,,,,,,
XM-DAC-46007-500470,,2,2019-11-26,165324129,USD,2019-11-26,,,,,,,,,,,,,,,,,,
XM-DAC-46007-500276,,2,2017-11-28,21000000,USD,2017-11-28,,,,,,,,,,,,,,,,,,
XM-DAC-46007-501149,,2,2024-10-29,11000000,USD,2024-10-29,,,,,,,,,,,,,,,,,,
XM-DAC-46007-500357,,2,2018-07-24,44262590.7,USD,2018-07-24,,,,,,,,,,,,,,,,,,
XM-DAC-46007-500744,,2,2022-08-16,250000000,USD,2022-08-16,,,,,,,,,,,,,,,,,,
XM-DAC-46007-500537,,2,2020-05-07,75156250,USD,2020-05-07,,,,,,,,,,,,,,,,,,
XM-DAC-46007-500507,,2,2020-04-01,52823600,USD,2020-04-01,,,,,,,,,,,,,,,,,,
XM-DAC-46007-500959,,2,2023-05-09,421000000,USD,2023-05-09,,,,,,,,,,,,,,,,,,
XM-DAC-46007-500179,,2,2016-05-24,37182437.78,USD,2016-05-24,,,,,,,,,,,,,,,,,,
XM-DAC-46007-501108,,2,2024-10-29,270000000,USD,2024-10-29,,,,,,,,,,,,,,,,,,
XM-DAC-46007-302349,,2,2013-06-26,16643569.4,USD,2013-06-26,,,,,,,,,,,,,,,,,,
XM-DAC-46007-500537,,2,2020-05-07,64650000,USD,2020-05-07,,,,,,,,,,,,,,,,,,
XM-DAC-46007-500189,,2,2016-07-26,85000000,USD,2016-07-26,,,,,,,,,,,,,,,,,,
XM-DAC-46007-501243,,2,2025-08-12,97000000,USD,2025-08-12,,,,,,,,,,,,,,,,,,
XM-DAC-46007-500901,,2,2022-12-14,590515156,USD,2022-12-14,,,,,,,,,,,,,,,,,,
XM-DAC-46007-500995,,2,2023-09-05,80203844.14,USD,2023-09-05,,,,,,,,,,,,,,,,,,
XM-DAC-46007-500734,,2,2022-01-07,50000000,USD,2022-01-07,,,,,,,,,,,,,,,,,,
XM-DAC-46007-501138,,2,2024-09-24,113900000,USD,2024-09-24,,,,,,,,,,,,,,,,,,
XM-DAC-46007-500470,,2,2019-11-26,80500000,USD,2019-11-26,,,,,,,,,,,,,,,,,,
XM-DAC-46007-500276,,2,2017-11-28,17804000,USD,2017-11-28,,,,,,,,,,,,,,,,,,
XM-DAC-46007-501227,,2,2025-08-12,75000000,USD,2025-08-12,,,,,,,,,,,,,,,,,,
XM-DAC-46007-500818,,2,2022-06-07,15000000,USD,2022-06-07,,,,,,,,,,,,,,,,,,
XM-DAC-46007-501218,,2,2025-06-11,135000000,USD,2025-06-11,,,,,,,,,,,,,,,,,,
XM-DAC-46007-500537,,2,2020-05-07,47793750,USD,2020-05-07,,,,,,,,,,,,,,,,,,
XM-DAC-46007-500930,,2,2023-02-15,120832469.61,USD,2023-02-15,,,,,,,,,,,,,,,,,,
XM-DAC-46007-501239,,2,2025-08-12,100000000,USD,2025-08-12,,,,,,,,,,,,,,,,,,
XM-DAC-46007-500397,,2,2018-11-27,176654696,USD,2018-11-27,,,,,,,,,,,,,,,,,,
XM-DAC-46007-500035,,2,2015-07-29,50000000,USD,2015-07-29,,,,,,,,,,,,,,,,,,
XM-DAC-46007-500189,,2,2016-07-26,20000000,USD,2016-07-26,,,,,,,,,,,,,,,,,,
XM-DAC-46007-500901,,2,2022-12-14,42800000,USD,2022-12-14,,,,,,,,,,,,,,,,,,
XM-DAC-46007-500860,,2,2022-09-12,126696000,USD,2022-09-12,,,,,,,,,,,,,,,,,,
XM-DAC-46007-501140,,2,2025-04-28,37187480,USD,2025-04-28,,,,,,,,,,,,,,,,,,
XM-DAC-46007-500900,,2,2022-11-01,22500000,USD,2022-11-01,,,,,,,,,,,,,,,,,,
XM-DAC-46007-500349,,2,2018-07-24,163200000,USD,2018-07-24,,,,,,,,,,,,,,,,,,
XM-DAC-46007-500940,,2,2023-03-01,400000000,USD,2023-03-01,,,,,,,,,,,,,,,,,,
XM-DAC-46007-501159,,2,2024-11-13,100000000,USD,2024-11-13,,,,,,,,,,,,,,,,,,
XM-DAC-46007-500930,,2,2023-02-15,45016018.09,USD,2023-02-15,,,,,,,,,,,,,,,,,,
XM-DAC-46007-500832,,2,2022-06-03,250000000,USD,2022-06-03,,,,,,,,,,,,,,,,,,
XM-DAC-46007-500446,,2,2019-09-04,50704400,USD,2019-09-04,,,,,,,,,,,,,,,,,,
XM-DAC-46007-500634,,2,2020-10-28,200000000,USD,2020-10-28,,,,,,,,,,,,,,,,,,
XM-DAC-46007-501142,,2,2024-09-23,44361905.86,USD,2024-09-23,,,,,,,,,,,,,,,,,,
XM-DAC-46007-500900,,2,2022-11-01,7500000,USD,2022-11-01,,,,,,,,,,,,,,,,,,
XM-DAC-46007-500349,,2,2021-05-25,21425306.65,USD,2021-05-25,,,,,,,,,,,,,,,,,,
XM-DAC-46007-501217,,2,2025-05-27,65000000,USD,2025-05-27,,,,,,,,,,,,,,,,,,
XM-DAC-46007-501078,,2,2023-12-05,606988111.14,USD,2023-12-05,,,,,,,,,,,,,,,,,,
XM-DAC-46007-500451,,2,2019-09-04,91000000,USD,2019-09-04,,,,,,,,,,,,,,,,,,
XM-DAC-46007-501238,,2,2025-07-22,80900000,USD,2025-07-22,,,,,,,,,,,,,,,,,,
XM-DAC-46007-501142,,2,2024-09-23,85638094.14,USD,2024-09-23,,,,,,,,,,,,,,,,,,
XM-DAC-46007-500640,,2,2020-11-24,10800000,USD,2020-11-24,,,,,,,,,,,,,,,,,,
XM-DAC-46007-501243,,2,2025-08-12,138000000,USD,2025-08-12,,,,,,,,,,,,,,,,,,
XM-DAC-46007-500681,,2,2021-04-27,50000000,USD,2021-04-27,,,,,,,,,,,,,,,,,,
XM-DAC-46007-500640,,2,2020-11-24,25200000,USD,2020-11-24,,,,,,,,,,,,,,,,,,
XM-DAC-46007-500930,,2,2023-02-15,18954112.88,USD,2023-02-15,,,,,,,,,,,,,,,,,,
XM-DAC-46007-500645,,2,2020-11-24,50000000,USD,2020-11-24,,,,,,,,,,,,,,,,,,
XM-DAC-46007-500930,,2,2023-02-15,52123810.42,USD,2023-02-15,,,,,,,,,,,,,,,,,,
XM-DAC-46007-500645,,2,2020-11-24,250000000,USD,2020-11-24,,,,,,,,,,,,,,,,,,
XM-DAC-46007-500669,,2,2021-03-23,50000000,USD,2021-03-23,,,,,,,,,,,,,,,,,,
XM-DAC-46007-501061,,2,2023-08-29,400000000,USD,2023-08-29,,,,,,,,,,,,,,,,,,
XM-DAC-46007-501151,,2,2024-11-13,300000000,USD,2024-11-13,,,,,,,,,,,,,,,,,,
XM-DAC-46007-501226,,2,2025-06-11,165000000,USD,2025-06-11,,,,,,,,,,,,,,,,,,
